ticker,company_name,cik,Sector,year
APTV,Aptiv PLC,0001521332,Consumer Cyclical,2014
APTV,Aptiv PLC,0001521332,Consumer Cyclical,2015
APTV,Aptiv PLC,0001521332,Consumer Cyclical,2016
APTV,Aptiv PLC,0001521332,Consumer Cyclical,2017
APTV,Aptiv PLC,0001521332,Consumer Cyclical,2018
ARTNA,ARTESIAN RESOURCES CORP,0000863110,Utilities,2014
ARTNA,ARTESIAN RESOURCES CORP,0000863110,Utilities,2015
ARTNA,ARTESIAN RESOURCES CORP,0000863110,Utilities,2016
ARTNA,ARTESIAN RESOURCES CORP,0000863110,Utilities,2017
ARTNA,ARTESIAN RESOURCES CORP,0000863110,Utilities,2018
ASPS,ALTISOURCE PORTFOLIO SOLUTIONS S.A.,0001462418,Industrials,2014
ASPS,ALTISOURCE PORTFOLIO SOLUTIONS S.A.,0001462418,Industrials,2015
ASPS,ALTISOURCE PORTFOLIO SOLUTIONS S.A.,0001462418,Industrials,2016
ASPS,ALTISOURCE PORTFOLIO SOLUTIONS S.A.,0001462418,Industrials,2017
ASPS,ALTISOURCE PORTFOLIO SOLUTIONS S.A.,0001462418,Industrials,2018
AXTA,Axalta Coating Systems Ltd.,0001616862,Basic Materials,2014
AXTA,Axalta Coating Systems Ltd.,0001616862,Basic Materials,2015
AXTA,Axalta Coating Systems Ltd.,0001616862,Basic Materials,2016
AXTA,Axalta Coating Systems Ltd.,0001616862,Basic Materials,2017
AXTA,Axalta Coating Systems Ltd.,0001616862,Basic Materials,2018
BRN,BARNWELL INDUSTRIES INC,0000010048,Energy,2014
BRN,BARNWELL INDUSTRIES INC,0000010048,Energy,2015
BRN,BARNWELL INDUSTRIES INC,0000010048,Energy,2016
BRN,BARNWELL INDUSTRIES INC,0000010048,Energy,2017
BRN,BARNWELL INDUSTRIES INC,0000010048,Energy,2018
CLDX,"Celldex Therapeutics, Inc.",0000744218,Healthcare,2014
CLDX,"Celldex Therapeutics, Inc.",0000744218,Healthcare,2015
CLDX,"Celldex Therapeutics, Inc.",0000744218,Healthcare,2016
CLDX,"Celldex Therapeutics, Inc.",0000744218,Healthcare,2017
CLDX,"Celldex Therapeutics, Inc.",0000744218,Healthcare,2018
FCNCA,FIRST CITIZENS BANCSHARES INC /DE/,0000798941,Financial Services,2014
FCNCA,FIRST CITIZENS BANCSHARES INC /DE/,0000798941,Financial Services,2015
FCNCA,FIRST CITIZENS BANCSHARES INC /DE/,0000798941,Financial Services,2016
FCNCA,FIRST CITIZENS BANCSHARES INC /DE/,0000798941,Financial Services,2017
FCNCA,FIRST CITIZENS BANCSHARES INC /DE/,0000798941,Financial Services,2018
GEOS,GEOSPACE TECHNOLOGIES CORP,0001001115,Energy,2014
GEOS,GEOSPACE TECHNOLOGIES CORP,0001001115,Energy,2015
GEOS,GEOSPACE TECHNOLOGIES CORP,0001001115,Energy,2016
GEOS,GEOSPACE TECHNOLOGIES CORP,0001001115,Energy,2017
GEOS,GEOSPACE TECHNOLOGIES CORP,0001001115,Energy,2018
GTY,GETTY REALTY CORP /MD/,0001052752,Real Estate,2014
GTY,GETTY REALTY CORP /MD/,0001052752,Real Estate,2015
GTY,GETTY REALTY CORP /MD/,0001052752,Real Estate,2016
GTY,GETTY REALTY CORP /MD/,0001052752,Real Estate,2017
GTY,GETTY REALTY CORP /MD/,0001052752,Real Estate,2018
INTT,INTEST CORP,0001036262,Technology,2014
INTT,INTEST CORP,0001036262,Technology,2015
INTT,INTEST CORP,0001036262,Technology,2016
INTT,INTEST CORP,0001036262,Technology,2017
INTT,INTEST CORP,0001036262,Technology,2018
JBSS,SANFILIPPO JOHN B & SON INC,0000880117,Consumer Defensive,2014
JBSS,SANFILIPPO JOHN B & SON INC,0000880117,Consumer Defensive,2015
JBSS,SANFILIPPO JOHN B & SON INC,0000880117,Consumer Defensive,2016
JBSS,SANFILIPPO JOHN B & SON INC,0000880117,Consumer Defensive,2017
JBSS,SANFILIPPO JOHN B & SON INC,0000880117,Consumer Defensive,2018
MAYS,MAYS J W INC,0000054187,Real Estate,2014
MAYS,MAYS J W INC,0000054187,Real Estate,2015
MAYS,MAYS J W INC,0000054187,Real Estate,2016
MAYS,MAYS J W INC,0000054187,Real Estate,2017
MAYS,MAYS J W INC,0000054187,Real Estate,2018
NOVT,NOVANTA INC,0001076930,Technology,2014
NOVT,NOVANTA INC,0001076930,Technology,2015
NOVT,NOVANTA INC,0001076930,Technology,2016
NOVT,NOVANTA INC,0001076930,Technology,2017
NOVT,NOVANTA INC,0001076930,Technology,2018
OPHC,"OptimumBank Holdings, Inc.",0001288855,Financial Services,2014
OPHC,"OptimumBank Holdings, Inc.",0001288855,Financial Services,2015
OPHC,"OptimumBank Holdings, Inc.",0001288855,Financial Services,2016
OPHC,"OptimumBank Holdings, Inc.",0001288855,Financial Services,2017
OPHC,"OptimumBank Holdings, Inc.",0001288855,Financial Services,2018
PCRX,"Pacira BioSciences, Inc.",0001396814,Healthcare,2014
PCRX,"Pacira BioSciences, Inc.",0001396814,Healthcare,2015
PCRX,"Pacira BioSciences, Inc.",0001396814,Healthcare,2016
PCRX,"Pacira BioSciences, Inc.",0001396814,Healthcare,2017
PCRX,"Pacira BioSciences, Inc.",0001396814,Healthcare,2018
POST,"Post Holdings, Inc.",0001530950,Consumer Defensive,2014
POST,"Post Holdings, Inc.",0001530950,Consumer Defensive,2015
POST,"Post Holdings, Inc.",0001530950,Consumer Defensive,2016
POST,"Post Holdings, Inc.",0001530950,Consumer Defensive,2017
POST,"Post Holdings, Inc.",0001530950,Consumer Defensive,2018
SR,SPIRE INC,0001126956,Utilities,2014
SR,SPIRE INC,0001126956,Utilities,2015
SR,SPIRE INC,0001126956,Utilities,2016
SR,SPIRE INC,0001126956,Utilities,2017
SR,SPIRE INC,0001126956,Utilities,2018
T,AT&T INC.,0000732717,Communication Services,2014
T,AT&T INC.,0000732717,Communication Services,2015
T,AT&T INC.,0000732717,Communication Services,2016
T,AT&T INC.,0000732717,Communication Services,2017
T,AT&T INC.,0000732717,Communication Services,2018
TMUS,"T-Mobile US, Inc.",0001283699,Communication Services,2014
TMUS,"T-Mobile US, Inc.",0001283699,Communication Services,2015
TMUS,"T-Mobile US, Inc.",0001283699,Communication Services,2016
TMUS,"T-Mobile US, Inc.",0001283699,Communication Services,2017
TMUS,"T-Mobile US, Inc.",0001283699,Communication Services,2018
UAN,"CVR PARTNERS, LP",0001425292,Basic Materials,2014
UAN,"CVR PARTNERS, LP",0001425292,Basic Materials,2015
UAN,"CVR PARTNERS, LP",0001425292,Basic Materials,2016
UAN,"CVR PARTNERS, LP",0001425292,Basic Materials,2017
UAN,"CVR PARTNERS, LP",0001425292,Basic Materials,2018
ULBI,ULTRALIFE CORP,0000875657,Industrials,2014
ULBI,ULTRALIFE CORP,0000875657,Industrials,2015
ULBI,ULTRALIFE CORP,0000875657,Industrials,2016
ULBI,ULTRALIFE CORP,0000875657,Industrials,2017
ULBI,ULTRALIFE CORP,0000875657,Industrials,2018
VAC,MARRIOTT VACATIONS WORLDWIDE Corp,0001524358,Consumer Cyclical,2014
VAC,MARRIOTT VACATIONS WORLDWIDE Corp,0001524358,Consumer Cyclical,2015
VAC,MARRIOTT VACATIONS WORLDWIDE Corp,0001524358,Consumer Cyclical,2016
VAC,MARRIOTT VACATIONS WORLDWIDE Corp,0001524358,Consumer Cyclical,2017
VAC,MARRIOTT VACATIONS WORLDWIDE Corp,0001524358,Consumer Cyclical,2018
