ticker,cik_str,title
A,0001090872,"AGILENT TECHNOLOGIES, INC."
AA,0001675149,Alcoa Corp
AAL,0000006201,American Airlines Group Inc.
AAME,0000008177,ATLANTIC AMERICAN CORP
AAOI,0001158114,"APPLIED OPTOELECTRONICS, INC."
AAON,0000824142,"AAON, INC."
AAPL,0000320193,Apple Inc.
AAT,0001500217,"American Assets Trust, Inc."
AB,0000825313,ALLIANCEBERNSTEIN HOLDING L.P.
ABBV,0001551152,AbbVie Inc.
ABCB,0000351569,Ameris Bancorp
ABEO,0000318306,ABEONA THERAPEUTICS INC.
ABEV,0001565025,AMBEV S.A.
ABG,0001144980,ASBURY AUTOMOTIVE GROUP INC
ABM,0000771497,ABM INDUSTRIES INC /DE/
ABR,0001253986,ARBOR REALTY TRUST INC
ABT,0000001800,ABBOTT LABORATORIES
ABUS,0001447028,Arbutus Biopharma Corp
ACAD,0001070494,ACADIA PHARMACEUTICALS INC
ACCO,0000712034,ACCO BRANDS Corp
ACGL,0000947484,ARCH CAPITAL GROUP LTD.
ACH,0000075252,ACCENDRA HEALTH INC/VA/
ACHC,0001520697,"Acadia Healthcare Company, Inc."
ACHV,0000949858,"ACHIEVE LIFE SCIENCES, INC."
ACIW,0000935036,"ACI WORLDWIDE, INC."
ACLS,0001113232,AXCELIS TECHNOLOGIES INC
ACM,0000868857,AECOM
ACN,0001467373,Accenture plc
ACNB,0000715579,ACNB CORP
ACRE,0001529377,Ares Commercial Real Estate Corp
ACRS,0001557746,"Aclaris Therapeutics, Inc."
ACTG,0000934549,ACACIA RESEARCH CORP
ACU,0000002098,ACME UNITED CORP
ADBE,0000796343,ADOBE INC.
ADC,0000917251,AGREE REALTY CORP
ADI,0000006281,ANALOG DEVICES INC
ADM,0000007084,Archer-Daniels-Midland Co
ADMA,0001368514,"ADMA BIOLOGICS, INC."
ADP,0000008670,AUTOMATIC DATA PROCESSING INC
ADSK,0000769397,"Autodesk, Inc."
ADTN,0000926282,"ADTRAN Holdings, Inc."
ADUS,0001468328,Addus HomeCare Corp
AEE,0001002910,AMEREN CORP
AEG,0000769218,AEGON LTD.
AEHR,0001040470,AEHR TEST SYSTEMS
AEIS,0000927003,ADVANCED ENERGY INDUSTRIES INC
AEM,0000002809,AGNICO EAGLE MINES LTD
AEMD,0000882291,AETHLON MEDICAL INC
AEO,0000919012,AMERICAN EAGLE OUTFITTERS INC
AEP,0000004904,AMERICAN ELECTRIC POWER CO INC
AER,0001378789,AerCap Holdings N.V.
AES,0000874761,AES CORP
AFG,0001042046,AMERICAN FINANCIAL GROUP INC
AFL,0000004977,AFLAC INC
AG,0001308648,FIRST MAJESTIC SILVER CORP
AGCO,0000880266,AGCO CORP /DE
AGEN,0001098972,AGENUS INC
AGI,0001178819,ALAMOS GOLD INC
AGIO,0001439222,"AGIOS PHARMACEUTICALS, INC."
AGM,0000845877,FEDERAL AGRICULTURAL MORTGAGE CORP
AGNC,0001423689,AGNC Investment Corp.
AGO,0001273813,ASSURED GUARANTY LTD
AGRO,0001499505,Adecoagro S.A.
AGX,0000100591,ARGAN INC
AGYS,0000078749,AGILYSYS INC
AHT,0001232582,ASHFORD HOSPITALITY TRUST INC
AI,0001577526,"C3.ai, Inc."
AIG,0000005272,"AMERICAN INTERNATIONAL GROUP, INC."
AIN,0000819793,ALBANY INTERNATIONAL CORP /DE/
AIR,0000001750,AAR CORP
AIRI,0001009891,AIR INDUSTRIES GROUP
AIRT,0000353184,AIR T INC
AIT,0000109563,APPLIED INDUSTRIAL TECHNOLOGIES INC
AIV,0000922864,APARTMENT INVESTMENT & MANAGEMENT CO
AIZ,0001267238,"ASSURANT, INC."
AJG,0000354190,Arthur J. Gallagher & Co.
AKAM,0001086222,AKAMAI TECHNOLOGIES INC
AKBA,0001517022,"Akebia Therapeutics, Inc."
AKR,0000899629,ACADIA REALTY TRUST
AKTX,0001541157,Akari Therapeutics Plc
ALB,0000915913,ALBEMARLE CORP
ALCO,0000003545,"ALICO, INC."
ALDX,0001341235,"Aldeyra Therapeutics, Inc."
ALG,0000897077,ALAMO GROUP INC
ALGN,0001097149,ALIGN TECHNOLOGY INC
ALGT,0001362468,Allegiant Travel CO
ALK,0000766421,"ALASKA AIR GROUP, INC."
ALKS,0001520262,Alkermes plc.
ALL,0000899051,ALLSTATE CORP
ALLE,0001579241,Allegion plc
ALLT,0001365767,Allot Ltd.
ALLY,0000040729,Ally Financial Inc.
ALNY,0001178670,"ALNYLAM PHARMACEUTICALS, INC."
ALOT,0000008146,"AstroNova, Inc."
ALRM,0001459200,"Alarm.com Holdings, Inc."
ALSN,0001411207,Allison Transmission Holdings Inc
ALT,0001326190,"Altimmune, Inc."
ALV,0001034670,AUTOLIV INC
ALX,0000003499,ALEXANDERS INC
AMAT,0000006951,APPLIED MATERIALS INC /DE
AMBA,0001280263,AMBARELLA INC
AMC,0001411579,"AMC ENTERTAINMENT HOLDINGS, INC."
AMCX,0001514991,AMC Global Media Inc.
AMD,0000002488,ADVANCED MICRO DEVICES INC
AME,0001037868,AMETEK INC/
AMG,0001004434,"AFFILIATED MANAGERS GROUP, INC."
AMGN,0000318154,AMGEN INC
AMH,0001562401,American Homes 4 Rent
AMKR,0001047127,"AMKOR TECHNOLOGY, INC."
AMN,0001142750,AMN HEALTHCARE SERVICES INC
AMP,0000820027,AMERIPRISE FINANCIAL INC
AMPH,0001297184,"Amphastar Pharmaceuticals, Inc."
AMRC,0001488139,"Ameresco, Inc."
AMRN,0000897448,AMARIN CORP PLC\UK
AMS,0000744825,AMERICAN SHARED HOSPITAL SERVICES
AMSC,0000880807,AMERICAN SUPERCONDUCTOR CORP /DE/
AMSF,0001018979,AMERISAFE INC
AMT,0001053507,AMERICAN TOWER CORP /MA/
AMTD,0001769731,AMTD IDEA GROUP
AMTX,0000738214,"AEMETIS, INC"
AMX,0001129137,AMERICA MOVIL SAB DE CV/
AMZN,0001018724,AMAZON COM INC
AN,0000350698,"AUTONATION, INC."
ANDE,0000821026,"Andersons, Inc."
ANET,0001596532,"Arista Networks, Inc."
ANF,0001018840,ABERCROMBIE & FITCH CO /DE/
ANGI,0001705110,Angi Inc.
ANGO,0001275187,ANGIODYNAMICS INC
ANIK,0000898437,"Anika Therapeutics, Inc."
ANIP,0001023024,ANI PHARMACEUTICALS INC
ANY,0001591956,Sphere 3D Corp.
AON,0000315293,Aon plc
AOS,0000091142,SMITH A O CORP
AOSL,0001387467,ALPHA & OMEGA SEMICONDUCTOR Ltd
AP,0000006176,AMPCO PITTSBURGH CORP
APA,0001841666,APA Corp
APAM,0001517302,Artisan Partners Asset Management Inc.
APD,0000002969,"Air Products & Chemicals, Inc."
APEI,0001201792,AMERICAN PUBLIC EDUCATION INC
APH,0000820313,AMPHENOL CORP /DE/
APLE,0001418121,"Apple Hospitality REIT, Inc."
APO,0001858681,"Apollo Global Management, Inc."
APOG,0000006845,"APOGEE ENTERPRISES, INC."
APPF,0001433195,APPFOLIO INC
APPS,0000317788,"Digital Turbine, Inc."
APT,0000884269,ALPHA PRO TECH LTD
APTV,0001521332,Aptiv PLC
APWC,0001026980,ASIA PACIFIC WIRE & CABLE CORP LTD
AQN,0001174169,ALGONQUIN POWER & UTILITIES CORP.
AR,0001433270,ANTERO RESOURCES Corp
ARAY,0001138723,ACCURAY INC
ARCB,0000894405,ARCBEST CORP /DE/
ARCC,0001287750,ARES CAPITAL CORP
ARCO,0001508478,Arcos Dorados Holdings Inc.
ARCT,0001768224,Arcturus Therapeutics Holdings Inc.
ARDX,0001437402,"ARDELYX, INC."
ARE,0001035443,"ALEXANDRIA REAL ESTATE EQUITIES, INC."
ARES,0001176948,Ares Management Corp
ARI,0001467760,"Apollo Commercial Real Estate Finance, Inc."
ARKR,0000779544,ARK RESTAURANTS CORP
ARL,0001102238,AMERICAN REALTY INVESTORS INC
ARLP,0001086600,ALLIANCE RESOURCE PARTNERS LP
ARMK,0001584509,Aramark
AROC,0001389050,"Archrock, Inc."
AROW,0000717538,ARROW FINANCIAL CORP
ARR,0001428205,"Armour Residential REIT, Inc."
ARTNA,0000863110,ARTESIAN RESOURCES CORP
ARTW,0000007623,ARTS WAY MANUFACTURING CO INC
ARW,0000007536,"ARROW ELECTRONICS, INC."
ARWR,0000879407,"ARROWHEAD PHARMACEUTICALS, INC."
ASB,0000007789,ASSOCIATED BANC-CORP
ASC,0001577437,Ardmore Shipping Corp
ASH,0001674862,ASHLAND INC.
ASM,0000316888,AVINO SILVER & GOLD MINES LTD
ASMB,0001426800,"ASSEMBLY BIOSCIENCES, INC."
ASML,0000937966,ASML HOLDING NV
ASND,0001612042,Ascendis Pharma A/S
ASPN,0001145986,ASPEN AEROGELS INC
ASPS,0001462418,ALTISOURCE PORTFOLIO SOLUTIONS S.A.
ASR,0001123452,SOUTHEAST AIRPORT GROUP
ASRV,0000707605,AMERISERV FINANCIAL INC /PA/
ASTC,0001001907,ASTROTECH Corp
ASTE,0000792987,ASTEC INDUSTRIES INC
ASUR,0000884144,ASURE SOFTWARE INC
ASX,0001122411,"ASE Technology Holding Co., Ltd."
ASYS,0000720500,AMTECH SYSTEMS INC
ATEC,0001350653,"Alphatec Holdings, Inc."
ATEN,0001580808,"A10 Networks, Inc."
ATHM,0001527636,Autohome Inc.
ATI,0001018963,ATI INC
ATLC,0001464343,Atlanticus Holdings Corp
ATLO,0001132651,AMES NATIONAL CORP
ATNI,0000879585,"ATN International, Inc."
ATNM,0001388320,"Actinium Pharmaceuticals, Inc."
ATO,0000731802,ATMOS ENERGY CORP
ATOS,0001488039,"ATOSSA THERAPEUTICS, INC."
ATR,0000896622,"APTARGROUP, INC."
ATRA,0001604464,"Atara Biotherapeutics, Inc."
ATRC,0001323885,"AtriCure, Inc."
ATRO,0000008063,ASTRONICS CORP
AU,0001973832,AngloGold Ashanti PLC
AUBN,0000750574,"AUBURN NATIONAL BANCORPORATION, INC"
AUDC,0001086434,AUDIOCODES LTD
AUMN,0001011509,Golden Minerals Co
AUPH,0001600620,Aurinia Pharmaceuticals Inc.
AVA,0000104918,AVISTA CORP
AVAL,0001504764,Grupo Aval Acciones Y Valores S.A.
AVAV,0001368622,AeroVironment Inc
AVB,0000915912,AVALONBAY COMMUNITIES INC
AVD,0000005981,AMERICAN VANGUARD CORP
AVGO,0001730168,Broadcom Inc.
AVNW,0001377789,"AVIAT NETWORKS, INC."
AVT,0000008858,AVNET INC
AVX,0001826397,AVAX ONE TECHNOLOGY LTD.
AVXL,0001314052,ANAVEX LIFE SCIENCES CORP.
AWI,0000007431,ARMSTRONG WORLD INDUSTRIES INC
AWK,0001410636,"American Water Works Company, Inc."
AWR,0001056903,AMERICAN STATES WATER CO
AWRE,0001015739,AWARE INC /MA/
AWX,0001061069,AVALON HOLDINGS CORP
AXGN,0000805928,"Axogen, Inc."
AXP,0000004962,AMERICAN EXPRESS CO
AXR,0000006207,AMREP CORP.
AXS,0001214816,AXIS CAPITAL HOLDINGS LTD
AXSM,0001579428,"Axsome Therapeutics, Inc."
AXTA,0001616862,Axalta Coating Systems Ltd.
AXTI,0001051627,AXT INC
AYI,0001144215,ACUITY INC. (DE)
AYR,0001362988,Aircastle LTD
AYTU,0001385818,"AYTU BIOPHARMA, INC"
AZN,0000901832,ASTRAZENECA PLC
AZO,0000866787,AUTOZONE INC
AZZ,0000008947,AZZ INC
B,0000756894,BARRICK MINING CORP
BA,0000012927,BOEING CO
BABA,0001577552,Alibaba Group Holding Ltd
BAC,0000070858,BANK OF AMERICA CORP /DE/
BAH,0001443646,Booz Allen Hamilton Holding Corp
BAM,0001937926,Brookfield Asset Management Ltd.
BANC,0001169770,"BANC OF CALIFORNIA, INC."
BANF,0000760498,BANCFIRST CORP /OK/
BANR,0000946673,BANNER CORP
BANX,0001578987,ArrowMark Financial Corp.
BAP,0001001290,CREDICORP LTD
BAX,0000010456,BAXTER INTERNATIONAL INC
BB,0001070235,BLACKBERRY Ltd
BBBY,0001130713,"BED BATH & BEYOND, INC."
BBD,0001160330,BANK BRADESCO
BBDO,0001160330,BANK BRADESCO
BBGI,0001099160,BEASLEY BROADCAST GROUP INC
BBSI,0000902791,BARRETT BUSINESS SERVICES INC
BBT,0001108134,Beacon Financial Corp
BBVA,0000842180,"BANCO BILBAO VIZCAYA ARGENTARIA, S.A."
BBY,0000764478,BEST BUY CO INC
BC,0000014930,BRUNSWICK CORP
BCBP,0001228454,BCB BANCORP INC
BCC,0001328581,BOISE CASCADE Co
BCE,0000718940,BCE INC
BCH,0001161125,BANK OF CHILE
BCLI,0001137883,BRAINSTORM CELL THERAPEUTICS INC.
BCO,0000078890,BRINKS CO
BCPC,0000009326,BALCHEM CORP
BCRX,0000882796,BIOCRYST PHARMACEUTICALS INC
BCS,0000312069,BARCLAYS PLC
BCTF,0001668340,"Bancorp 34, Inc."
BDC,0000913142,BELDEN INC.
BDL,0000012040,FLANIGANS ENTERPRISES INC
BDN,0000790816,BRANDYWINE REALTY TRUST
BDX,0000010795,BECTON DICKINSON & CO
BEAT,0001779372,"HeartBeam, Inc."
BELFA,0000729580,BEL FUSE INC /NJ
BELFB,0000729580,BEL FUSE INC /NJ
BEN,0000038777,FRANKLIN RESOURCES INC
BEP,0001533232,Brookfield Renewable Partners L.P.
BFAM,0001437578,BRIGHT HORIZONS FAMILY SOLUTIONS INC.
BFS,0000907254,"SAUL CENTERS, INC."
BG,0001996862,Bunge Global SA
BGI,0001179821,BIRKS GROUP INC.
BGSF,0001474903,"BGSF, INC."
BH,0001726173,Biglari Holdings Inc.
BHB,0000743367,BAR HARBOR BANKSHARES
BHE,0000863436,BENCHMARK ELECTRONICS INC
BHP,0000811809,BHP Group Ltd
BIDU,0001329099,"Baidu, Inc."
BIIB,0000875045,BIOGEN INC.
BIO,0000012208,"BIO-RAD LABORATORIES, INC."
BIP,0001406234,Brookfield Infrastructure Partners L.P.
BITA,0002089969,iShares Bitcoin Premium Income ETF
BJRI,0001013488,BJs RESTAURANTS INC
BKD,0001332349,Brookdale Senior Living Inc.
BKE,0000885245,BUCKLE INC
BKH,0001130464,BLACK HILLS CORP /SD/
BKNG,0001075531,Booking Holdings Inc.
BKSC,0001007273,BANK OF SOUTH CAROLINA CORP
BKU,0001504008,"BankUnited, Inc."
BKYI,0001019034,BIO KEY INTERNATIONAL INC
BLBD,0001589526,Blue Bird Corp
BLDP,0001453015,Ballard Power Systems Inc.
BLDR,0001316835,"Builders FirstSource, Inc."
BLFS,0000834365,BIOLIFE SOLUTIONS INC
BLIN,0001378590,"Bridgeline Digital, Inc."
BLK,0002012383,"BlackRock, Inc."
BLKB,0001280058,BLACKBAUD INC
BLMN,0001546417,"Bloomin' Brands, Inc."
BLNK,0001429764,Blink Charging Co.
BLRX,0001498403,BioLineRx Ltd.
BLX,0000890541,"FOREIGN TRADE BANK OF LATIN AMERICA, INC."
BMA,0001347426,Macro Bank Inc.
BMI,0000009092,BADGER METER INC
BMO,0000927971,BANK OF MONTREAL /CAN/
BMRA,0000073290,BIOMERICA INC
BMRC,0001403475,Bank of Marin Bancorp
BMRN,0001048477,BIOMARIN PHARMACEUTICAL INC
BMY,0000014272,BRISTOL MYERS SQUIBB CO
BNED,0001634117,"Barnes & Noble Education, Inc."
BNS,0000009631,BANK OF NOVA SCOTIA
BNTC,0001808898,Benitec Biopharma Inc.
BOH,0000046195,BANK OF HAWAII CORP
BOKF,0000875357,BOK FINANCIAL CORP
BOOM,0000034067,DMC Global Inc.
BOOT,0001610250,"Boot Barn Holdings, Inc."
BOSC,0001005516,BOS BETTER ONLINE SOLUTIONS LTD
BOTJ,0001275101,BANK OF THE JAMES FINANCIAL GROUP INC
BOX,0001372612,BOX INC
BP,0000313807,BP PLC
BPOP,0000763901,"POPULAR, INC."
BPTH,0001133818,"BIO-PATH HOLDINGS, INC."
BR,0001383312,"BROADRIDGE FINANCIAL SOLUTIONS, INC."
BRC,0000746598,BRADY CORP
BRID,0000014177,BRIDGFORD FOODS CORP
BRKR,0001109354,BRUKER CORP
BRN,0000010048,BARNWELL INDUSTRIES INC
BRO,0000079282,"BROWN & BROWN, INC."
BRT,0000014846,BRT Apartments Corp.
BRX,0001581068,Brixmor Property Group Inc.
BSAC,0001027552,BANCO SANTANDER CHILE
BSBR,0001471055,Banco Santander (Brasil) S.A.
BSET,0000010329,BASSETT FURNITURE INDUSTRIES INC
BSM,0001621434,"Black Stone Minerals, L.P."
BSRR,0001130144,SIERRA BANCORP
BSX,0000885725,BOSTON SCIENTIFIC CORP
BTE,0001279495,BAYTEX ENERGY CORP.
BTG,0001429937,B2GOLD CORP
BUD,0001668717,Anheuser-Busch InBev SA/NV
BURL,0001579298,"Burlington Stores, Inc."
BUSE,0000314489,FIRST BUSEY CORP /NV/
BVN,0001013131,BUENAVENTURA MINING CO INC
BW,0001630805,"Babcock & Wilcox Enterprises, Inc."
BWA,0000908255,BORGWARNER INC
BWEN,0001120370,"BROADWIND, INC."
BWFG,0001505732,"Bankwell Financial Group, Inc."
BWXT,0001486957,"BWX Technologies, Inc."
BX,0001393818,Blackstone Inc.
BXC,0001301787,BlueLinx Holdings Inc.
BXMT,0001061630,"BLACKSTONE MORTGAGE TRUST, INC."
BXP,0001037540,"BXP, Inc."
BYD,0000906553,BOYD GAMING CORP
BYFC,0001001171,BROADWAY FINANCIAL CORP \DE\
BZH,0000915840,BEAZER HOMES USA INC
BZUN,0001625414,Baozun Inc.
C,0000831001,CITIGROUP INC
CAAS,0002037400,"China Automotive Systems, Inc."
CABO,0001632127,"Cable One, Inc."
CAC,0000750686,CAMDEN NATIONAL CORP
CACC,0000885550,CREDIT ACCEPTANCE CORP
CACI,0000016058,CACI INTERNATIONAL INC /DE/
CAE,0001173382,CAE INC
CAG,0000023217,CONAGRA BRANDS INC.
CAH,0000721371,CARDINAL HEALTH INC
CAI,0002019410,"Caris Life Sciences, Inc."
CAKE,0000887596,CHEESECAKE FACTORY INC
CAL,0000014707,CALERES INC
CALM,0000016160,CAL-MAINE FOODS INC
CALX,0001406666,"CALIX, INC"
CAMP,0001736730,Camp4 Therapeutics Corp
CAMT,0001109138,CAMTEK LTD
CANF,0001536196,Can-Fite BioPharma Ltd.
CAPL,0001538849,CrossAmerica Partners LP
CAPR,0001133869,"CAPRICOR THERAPEUTICS, INC."
CAR,0000723612,"AVIS BUDGET GROUP, INC."
CARV,0001016178,CARVER BANCORP INC
CASH,0000907471,"PATHWARD FINANCIAL, INC."
CASS,0000708781,CASS INFORMATION SYSTEMS INC
CASY,0000726958,CASEYS GENERAL STORES INC
CAT,0000018230,CATERPILLAR INC
CATO,0000018255,CATO CORP
CATY,0000861842,CATHAY GENERAL BANCORP
CB,0000896159,Chubb Ltd
CBAN,0000711669,COLONY BANKCORP INC
CBFV,0001605301,"CB Financial Services, Inc."
CBIO,0001253689,"CRESCENT BIOPHARMA, INC."
CBL,0000910612,CBL & ASSOCIATES PROPERTIES INC
CBOE,0001374310,"Cboe Global Markets, Inc."
CBRE,0001138118,"CBRE GROUP, INC."
CBRL,0001067294,"CRACKER BARREL OLD COUNTRY STORE, INC"
CBSH,0000022356,COMMERCE BANCSHARES INC /MO/
CBT,0000016040,CABOT CORP
CBU,0000723188,"COMMUNITY FINANCIAL SYSTEM, INC."
CBZ,0000944148,"CBIZ, Inc."
CC,0001627223,Chemours Co
CCBG,0000726601,CAPITAL CITY BANK GROUP INC
CCI,0001051470,CROWN CASTLE INC.
CCJ,0001009001,CAMECO CORP
CCK,0001219601,"CROWN HOLDINGS, INC."
CCL,0000815097,Carnival Corp Ltd.
CCM,0001472072,Concord Medical Services Holdings Ltd
CCNE,0000736772,CNB FINANCIAL CORP/PA
CCO,0001334978,"Clear Channel Outdoor Holdings, Inc."
CCOI,0001158324,"COGENT COMMUNICATIONS HOLDINGS, INC."
CCRN,0001141103,CROSS COUNTRY HEALTHCARE INC
CCS,0001576940,"Century Communities, Inc."
CCU,0000888746,UNITED BREWERIES CO INC
CCXI,0002074973,Churchill Capital Corp XI
CDE,0000215466,"Coeur Mining, Inc."
CDNA,0001217234,"CareDx, Inc."
CDW,0001402057,CDW Corp
CDXS,0001200375,"CODEXIS, INC."
CDZI,0000727273,CADIZ INC
CE,0001306830,Celanese Corp
CECO,0000003197,CECO ENVIRONMENTAL CORP
CEF,0001726122,Sprott Physical Gold & Silver Trust
CELH,0001341766,"Celsius Holdings, Inc."
CENT,0000887733,CENTRAL GARDEN & PET CO
CENTA,0000887733,CENTRAL GARDEN & PET CO
CENX,0000949157,CENTURY ALUMINUM CO
CERS,0001020214,CERUS CORP
CETX,0001435064,CEMTREX INC
CEVA,0001173489,CEVA INC
CF,0001324404,"CF Industries Holdings, Inc."
CFBK,0001070680,CF BANKSHARES INC.
CFFI,0000913341,C & F FINANCIAL CORP
CFFN,0001490906,"Capitol Federal Financial, Inc."
CFG,0000759944,CITIZENS FINANCIAL GROUP INC/RI
CFR,0000039263,"CULLEN/FROST BANKERS, INC."
CG,0001527166,Carlyle Group Inc.
CGEN,0001119774,COMPUGEN LTD
CGNX,0000851205,COGNEX CORP
CHA,0002013649,Chagee Holdings Ltd.
CHCI,0001299969,"Comstock Holding Companies, Inc."
CHCO,0000726854,CITY HOLDING CO
CHD,0000313927,CHURCH & DWIGHT CO INC /DE/
CHDN,0000020212,Churchill Downs Inc
CHE,0000019584,CHEMED CORP
CHEF,0001517175,"Chefs' Warehouse, Inc."
CHGG,0001364954,"CHEGG, INC"
CHH,0001046311,CHOICE HOTELS INTERNATIONAL INC /DE
CHKP,0001015922,CHECK POINT SOFTWARE TECHNOLOGIES LTD
CHMG,0000763563,CHEMUNG FINANCIAL CORP
CHMI,0001571776,Cherry Hill Mortgage Investment Corp
CHNR,0000793628,CHINA NATURAL RESOURCES INC
CHRS,0001512762,"Coherus Oncology, Inc."
CHRW,0001043277,"C. H. ROBINSON WORLDWIDE, INC."
CHSCL,0000823277,CHS INC
CHSCM,0000823277,CHS INC
CHSCN,0000823277,CHS INC
CHSCO,0000823277,CHS INC
CHSCP,0000823277,CHS INC
CHT,0001132924,CHUNGHWA TELECOM CO LTD
CHTR,0001091667,"CHARTER COMMUNICATIONS, INC. /MO/"
CI,0001739940,Cigna Group
CIA,0000024090,"CITIZENS, INC."
CIB,0002058897,Grupo Cibest S.A.
CIEN,0000936395,CIENA CORP
CIG,0001157557,ENERGY CO OF MINAS GERAIS
CIGI,0000913353,Colliers International Group Inc.
CIM,0001409493,CHIMERA INVESTMENT CORP
CINF,0000020286,CINCINNATI FINANCIAL CORP
CIVB,0000944745,"CIVISTA BANCSHARES, INC."
CIX,0001049606,COMPX INTERNATIONAL INC
CIZN,0001075706,CITIZENS HOLDING CO /MS/
CKX,0000352955,"CKX LANDS, INC."
CL,0000021665,COLGATE PALMOLIVE CO
CLAR,0000913277,Clarus Corp
CLB,0001958086,Core Laboratories Inc. /DE/
CLDT,0001476045,Chatham Lodging Trust
CLDX,0000744218,"Celldex Therapeutics, Inc."
CLF,0000764065,CLEVELAND-CLIFFS INC.
CLFD,0000796505,"Clearfield, Inc."
CLH,0000822818,CLEAN HARBORS INC
CLIR,0001434524,ClearSign Technologies Corp
CLLS,0001627281,Cellectis S.A.
CLMT,0002013745,"Calumet, Inc. /DE"
CLNE,0001368265,Clean Energy Fuels Corp.
CLRB,0001279704,"Cellectar Biosciences, Inc."
CLRO,0000840715,CLEARONE INC
CLS,0001030894,CELESTICA INC
CLW,0001441236,Clearwater Paper Corp
CLWT,0001026662,EURO TECH HOLDINGS CO LTD
CLX,0000021076,CLOROX CO /DE/
CM,0001045520,CANADIAN IMPERIAL BANK OF COMMERCE /CAN/
CMC,0000022444,COMMERCIAL METALS Co
CMCL,0000766011,Caledonia Mining Corp Plc
CMCM,0001597835,Cheetah Mobile Inc.
CMCO,0001005229,COLUMBUS MCKINNON CORP
CMCSA,0001166691,COMCAST CORP
CMCT,0000908311,Creative Media & Community Trust Corp
CME,0001156375,CME GROUP INC.
CMG,0001058090,CHIPOTLE MEXICAN GRILL INC
CMI,0000026172,CUMMINS INC
CMP,0001227654,COMPASS MINERALS INTERNATIONAL INC
CMPR,0001262976,CIMPRESS plc
CMRE,0001503584,Costamare Inc.
CMS,0000811156,CMS ENERGY CORP
CMT,0001026655,CORE MOLDING TECHNOLOGIES INC
CMTL,0000023197,COMTECH TELECOMMUNICATIONS CORP /DE/
CNA,0000021175,CNA FINANCIAL CORP
CNC,0001071739,CENTENE CORP
CNET,0001376321,ZW Data Action Technologies Inc.
CNI,0000016868,CANADIAN NATIONAL RAILWAY CO
CNK,0001385280,"Cinemark Holdings, Inc."
CNMD,0000816956,CONMED Corp
CNO,0001224608,"CNO Financial Group, Inc."
CNOB,0000712771,"ConnectOne Bancorp, Inc."
CNP,0001130310,CENTERPOINT ENERGY INC
CNQ,0001017413,CANADIAN NATURAL RESOURCES Ltd
CNS,0001284812,"COHEN & STEERS, INC."
CNTY,0000911147,CENTURY CASINOS INC /CO/
CNX,0001070412,CNX Resources Corp
CNXN,0001050377,PC CONNECTION INC
COCP,0001412486,"Cocrystal Pharma, Inc."
CODI,0001345126,Compass Diversified Holdings
COE,0001659494,51Talk Online Education Group
COF,0000927628,CAPITAL ONE FINANCIAL CORP
COHN,0001270436,Cohen & Co Inc.
COHR,0000820318,COHERENT CORP.
COHU,0000021535,COHU INC
COLB,0000887343,"COLUMBIA BANKING SYSTEM, INC."
COLL,0001267565,"COLLEGIUM PHARMACEUTICAL, INC"
COLM,0001050797,COLUMBIA SPORTSWEAR CO
CONE,0002103884,"Compass Sub North, Inc."
COO,0000711404,"COOPER COMPANIES, INC."
COP,0001163165,CONOCOPHILLIPS
COR,0001140859,"Cencora, Inc."
CORT,0001088856,CORCEPT THERAPEUTICS INC
COST,0000909832,COSTCO WHOLESALE CORP /NEW
COTY,0001024305,COTY INC.
CP,0000016875,CANADIAN PACIFIC KANSAS CITY LTD/CN
CPA,0001345105,"Copa Holdings, S.A."
CPAC,0001221029,CEMENTOS PACASMAYO SAA
CPB,0000016732,CAMPBELL'S Co
CPF,0000701347,CENTRAL PACIFIC FINANCIAL CORP
CPHC,0001672909,Canterbury Park Holding Corp
CPHI,0001106644,"CHINA PHARMA HOLDINGS, INC."
CPIX,0001087294,CUMBERLAND PHARMACEUTICALS INC
CPK,0000019745,CHESAPEAKE UTILITIES CORP
CPRT,0000900075,COPART INC
CPRX,0001369568,"CATALYST PHARMACEUTICALS, INC."
CPS,0001320461,Cooper-Standard Holdings Inc.
CPSH,0000814676,CPS TECHNOLOGIES CORP/DE/
CPSS,0000889609,"CONSUMER PORTFOLIO SERVICES, INC."
CPT,0000906345,CAMDEN PROPERTY TRUST
CQP,0001383650,"Cheniere Energy Partners, L.P."
CR,0001944013,Crane Co
CRBP,0001595097,"Corbus Pharmaceuticals Holdings, Inc."
CRC,0001609253,California Resources Corp
CREG,0000721693,Smart Powerr Corp.
CRESY,0001034957,CRESUD INC
CRH,0000849395,CRH PUBLIC LTD CO
CRIS,0001108205,CURIS INC
CRK,0000023194,COMSTOCK RESOURCES INC
CRL,0001100682,"CHARLES RIVER LABORATORIES INTERNATIONAL, INC."
CRM,0001108524,"Salesforce, Inc."
CRMD,0001410098,CorMedix Inc.
CRMT,0000799850,AMERICAS CARMART INC
CRNT,0001119769,CERAGON NETWORKS LTD
CROX,0001334036,"Crocs, Inc."
CRS,0000017843,CARPENTER TECHNOLOGY CORP
CRT,0000881787,CROSS TIMBERS ROYALTY TRUST
CRTO,0001576427,Criteo S.A.
CRUS,0000772406,"CIRRUS LOGIC, INC."
CRVL,0000874866,CORVEL CORP
CRWS,0000025895,CROWN CRAFTS INC
CSBR,0000771856,"CHAMPIONS ONCOLOGY, INC."
CSCO,0000858877,"CISCO SYSTEMS, INC."
CSGP,0001057352,"COSTAR GROUP, INC."
CSIQ,0001375877,Canadian Solar Inc.
CSL,0000790051,CARLISLE COMPANIES INC
CSPI,0000356037,CSP INC /MA/
CSTE,0001504379,Caesarstone Ltd.
CSTM,0001563411,CONSTELLIUM SE
CSV,0001016281,CARRIAGE SERVICES INC
CSWC,0000017313,CAPITAL SOUTHWEST CORP
CSX,0000277948,CSX CORP
CTAS,0000723254,CINTAS CORP
CTBI,0000350852,COMMUNITY TRUST BANCORP INC /KY/
CTMX,0001501989,"CytomX Therapeutics, Inc."
CTO,0000023795,"CTO Realty Growth, Inc."
CTRE,0001590717,"CareTrust REIT, Inc."
CTRN,0001318484,Citi Trends Inc
CTS,0000026058,CTS CORP
CTSH,0001058290,COGNIZANT TECHNOLOGY SOLUTIONS CORP
CTSO,0001175151,Cytosorbents Corp
CUB,0002015955,Lionheart Holdings
CUBE,0001298675,CubeSmart
CUBI,0001488813,"Customers Bancorp, Inc."
CULP,0000723603,CULP INC
CUZ,0000025232,COUSINS PROPERTIES INC
CVBF,0000354647,CVB FINANCIAL CORP
CVCO,0000278166,"CAVCO INDUSTRIES, INC."
CVE,0001475260,CENOVUS ENERGY INC.
CVEO,0001590584,Civeo Corp
CVGI,0001290900,"Commercial Vehicle Group, Inc."
CVI,0001376139,CVR ENERGY INC
CVLT,0001169561,COMMVAULT SYSTEMS INC
CVM,0000725363,CEL SCI CORP
CVR,0000019871,CHICAGO RIVET & MACHINE CO
CVS,0000064803,CVS HEALTH Corp
CVU,0000889348,CPI AEROSTRUCTURES INC
CVV,0000766792,CVD EQUIPMENT CORP
CVX,0000093410,CHEVRON CORP
CW,0000026324,CURTISS WRIGHT CORP
CWBC,0001127371,Community West Bancshares
CWCO,0000928340,Consolidated Water Co. Ltd.
CWST,0000911177,CASELLA WASTE SYSTEMS INC
CWT,0001035201,CALIFORNIA WATER SERVICE GROUP
CX,0001076378,CEMEX SAB DE CV
CXW,0001070985,"CoreCivic, Inc."
CYAN,0000768408,CYANOTECH CORP
CYD,0000932695,CHINA YUCHAI INTERNATIONAL LTD
CYH,0001108109,COMMUNITY HEALTH SYSTEMS INC
CYRX,0001124524,"Cryoport, Inc."
CYTK,0001061983,CYTOKINETICS INC
CZNC,0000810958,CITIZENS & NORTHERN CORP
CZR,0001590895,"Caesars Entertainment, Inc."
CZWI,0001367859,Citizens Community Bancorp Inc.
D,0000715957,"DOMINION ENERGY, INC"
DAC,0001369241,Danaos Corp
DAIO,0000351998,DATA I/O CORP
DAKT,0000915779,DAKTRONICS INC /SD/
DAL,0000027904,"DELTA AIR LINES, INC."
DAN,0000026780,DANA Inc
DARE,0001401914,"Dare Bioscience, Inc."
DB,0001159508,DEUTSCHE BANK AKTIENGESELLSCHAFT
DBD,0000028823,"DIEBOLD NIXDORF, Inc"
DBVT,0001613780,DBV Technologies S.A.
DCI,0000029644,DONALDSON Co INC
DCO,0000030305,DUCOMMUN INC /DE/
DCOM,0000846617,"Dime Commercial Bancshares, Inc. /NY/"
DDD,0000910638,3D SYSTEMS CORP
DDS,0000028917,"DILLARD'S, INC."
DE,0000315189,DEERE & CO
DEA,0001622194,"Easterly Government Properties, Inc."
DEI,0001364250,Douglas Emmett Inc
DEO,0000835403,DIAGEO PLC
DERM,0001867066,Journey Medical Corp
DG,0000029534,DOLLAR GENERAL CORP
DGICA,0000800457,DONEGAL GROUP INC
DGII,0000854775,DIGI INTERNATIONAL INC
DGX,0001022079,QUEST DIAGNOSTICS INC
DHI,0000882184,HORTON D R INC /DE/
DHR,0000313616,DANAHER CORP /DE/
DHT,0001331284,"DHT Holdings, Inc."
DHX,0001393883,"DHI GROUP, INC."
DIN,0000049754,"Dine Brands Global, Inc."
DIOD,0000029002,DIODES INC /DEL/
DIS,0001744489,Walt Disney Co
DIT,0000928465,AMCON DISTRIBUTING CO
DJCO,0000783412,DAILY JOURNAL CORP
DK,0001694426,"Delek US Holdings, Inc."
DKL,0001552797,"Delek Logistics Partners, LP"
DKS,0001089063,"DICK'S SPORTING GOODS, INC."
DLB,0001308547,"Dolby Laboratories, Inc."
DLHC,0000785557,DLH Holdings Corp.
DLNG,0001578453,Dynagas LNG Partners LP
DLR,0001297996,"DIGITAL REALTY TRUST, INC."
DLTH,0001649744,DULUTH HOLDINGS INC.
DLTR,0000935703,"DOLLAR TREE, INC."
DLX,0000027996,DELUXE CORP
DMLP,0001172358,"DORCHESTER MINERALS, L.P."
DMRC,0002119322,Digimarc Corp
DNN,0001063259,DENISON MINES CORP.
DNOW,0001599617,DNOW Inc.
DOC,0000765880,"HEALTHPEAK PROPERTIES, INC."
DORM,0000868780,"Dorman Products, Inc."
DOV,0000029905,DOVER Corp
DOX,0001062579,AMDOCS LTD
DQ,0001477641,DAQO NEW ENERGY CORP.
DRD,0001023512,DRDGOLD LTD
DRH,0001298946,DiamondRock Hospitality Co
DRI,0000940944,DARDEN RESTAURANTS INC
DRIO,0001533998,DarioHealth Corp.
DSGX,0001050140,DESCARTES SYSTEMS GROUP INC
DSS,0000771999,"DSS, INC."
DSWL,0000946936,DESWELL INDUSTRIES INC
DSX,0001318885,DIANA SHIPPING INC.
DTE,0000936340,DTE ENERGY CO
DUK,0001326160,Duke Energy CORP
DVA,0000927066,DAVITA INC.
DVN,0001090012,DEVON ENERGY CORP/DE
DWSN,0000799165,DAWSON GEOPHYSICAL CO
DX,0000826675,DYNEX CAPITAL INC
DXC,0001688568,DXC Technology Co
DXCM,0001093557,DEXCOM INC
DXF,0001499494,Eason Technology Ltd
DXLG,0000813298,"DESTINATION XL GROUP, INC."
DXPE,0001020710,DXP ENTERPRISES INC
DXYN,0000029332,DIXIE GROUP INC
DY,0000067215,DYCOM INDUSTRIES INC
E,0001002242,ENI SPA
EA,0000712515,ELECTRONIC ARTS INC.
EARN,0001560672,Ellington Credit Co
EAT,0000703351,"BRINKER INTERNATIONAL, INC"
EBAY,0001065088,EBAY INC
EBF,0000033002,"ENNIS, INC."
EBMT,0001478454,"Eagle Bancorp Montana, Inc."
EBS,0001367644,Emergent BioSolutions Inc.
EC,0001444406,ECOPETROL S.A.
ECHO,0001415404,EchoStar CORP
ECL,0000031462,ECOLAB INC.
ECPG,0001084961,ENCORE CAPITAL GROUP INC
ED,0001047862,CONSOLIDATED EDISON INC
EDN,0001395213,EDENOR
EDU,0001372920,New Oriental Education & Technology Group Inc.
EDUC,0000031667,EDUCATIONAL DEVELOPMENT CORP
EE,0001888447,"Excelerate Energy, Inc."
EEFT,0001029199,"EURONET WORLDWIDE, INC."
EFC,0001411342,Ellington Financial Inc.
EFOI,0000924168,"ENERGY FOCUS, INC/DE"
EFSC,0001025835,ENTERPRISE FINANCIAL SERVICES CORP
EFX,0000033185,EQUIFAX INC
EGAN,0001066194,EGAIN Corp
EGBN,0001050441,EAGLE BANCORP INC
EGHT,0001023731,8X8 INC /DE/
EGO,0000918608,ELDORADO GOLD CORP /FI
EGP,0000049600,EASTGROUP PROPERTIES INC
EGY,0000894627,VAALCO ENERGY INC /DE/
EHC,0000785161,Encompass Health Corp
EHTH,0001333493,"eHealth, Inc."
EIG,0001379041,"Employers Holdings, Inc."
EIX,0000827052,EDISON INTERNATIONAL
EL,0001001250,ESTEE LAUDER COMPANIES INC
ELLO,0000946394,Ellomay Capital Ltd.
ELMD,0001488917,"Electromed, Inc."
ELS,0000895417,EQUITY LIFESTYLE PROPERTIES INC
ELSE,0000351789,ELECTRO SENSORS INC
ELTK,0001024672,ELTEK LTD
EME,0000105634,"EMCOR Group, Inc."
EMN,0000915389,EASTMAN CHEMICAL CO
EMR,0000032604,EMERSON ELECTRIC CO
ENB,0000895728,ENBRIDGE INC
ENJ,0000071508,"ENTERGY NEW ORLEANS, LLC"
ENPH,0001463101,"Enphase Energy, Inc."
ENR,0001632790,"ENERGIZER HOLDINGS, INC."
ENS,0001289308,EnerSys
ENSG,0001125376,"ENSIGN GROUP, INC"
ENT,0002028464,"ENTRATA, INC."
ENTA,0001177648,ENANTA PHARMACEUTICALS INC
ENTG,0001101302,ENTEGRIS INC
ENVA,0001529864,"Enova International, Inc."
EOG,0000821189,EOG RESOURCES INC
EPAM,0001352010,"EPAM Systems, Inc."
EPC,0001096752,EDGEWELL PERSONAL CARE Co
EPD,0001061219,ENTERPRISE PRODUCTS PARTNERS L.P.
EPM,0001006655,EVOLUTION PETROLEUM CORP
EPR,0001045450,EPR PROPERTIES
EQBK,0001227500,EQUITY BANCSHARES INC
EQIX,0001101239,EQUINIX INC
EQR,0000906107,EQUITY RESIDENTIAL
EQS,0000878932,"EQUUS TOTAL RETURN, INC."
EQT,0000033213,EQT Corp
ERIC,0000717826,ERICSSON LM TELEPHONE CO
ERIE,0000922621,ERIE INDEMNITY CO
ERII,0001421517,"Energy Recovery, Inc."
ES,0000072741,EVERSOURCE ENERGY
ESBA,0001553079,"Empire State Realty OP, L.P."
ESCA,0000033488,ESCALADE INC
ESE,0000866706,ESCO TECHNOLOGIES INC
ESEA,0001341170,EUROSEAS LTD.
ESLT,0001027664,ELBIT SYSTEMS LTD
ESNT,0001448893,Essent Group Ltd.
ESP,0000033533,ESPEY MFG & ELECTRONICS CORP
ESPR,0001434868,"Esperion Therapeutics, Inc."
ESRT,0001541401,"Empire State Realty Trust, Inc."
ESS,0000920522,"ESSEX PROPERTY TRUST, INC."
ETH,0002020455,Grayscale Ethereum Staking Mini ETF
ETN,0001551182,Eaton Corp plc
ETR,0000065984,ENTERGY CORP /DE/
ETSY,0001370637,ETSY INC
EVC,0001109116,ENTRAVISION COMMUNICATIONS CORP
EVFM,0001618835,"Evofem Biosciences, Inc."
EVGN,0001574565,Evogene Ltd.
EVH,0001628908,"Evolent Health, Inc."
EVI,0000065312,"EVI INDUSTRIES, INC."
EVR,0001360901,Evercore Inc.
EVTC,0001559865,"EVERTEC, Inc."
EW,0001099800,Edwards Lifesciences Corp
EWBC,0001069157,EAST WEST BANCORP INC
EXC,0001109357,EXELON CORP
EXEL,0000939767,"EXELIXIS, INC."
EXK,0001277866,ENDEAVOUR SILVER CORP
EXLS,0001297989,"ExlService Holdings, Inc."
EXP,0000918646,EAGLE MATERIALS INC
EXPD,0000746515,EXPEDITORS INTERNATIONAL OF WASHINGTON INC
EXPE,0001324424,"Expedia Group, Inc."
EXPO,0000851520,EXPONENT INC
EXR,0001289490,Extra Space Storage Inc.
EXTR,0001078271,EXTREME NETWORKS INC
EZPW,0000876523,EZCORP INC
F,0000037996,FORD MOTOR CO
FAF,0001472787,First American Financial Corp
FANG,0001539838,"Diamondback Energy, Inc."
FAST,0000815556,FASTENAL CO
FATE,0001434316,FATE THERAPEUTICS INC
FBIO,0001429260,"Fortress Biotech, Inc."
FBIZ,0001521951,"FIRST BUSINESS FINANCIAL SERVICES, INC."
FBNC,0000811589,FIRST BANCORP /NC/
FBP,0001057706,FIRST BANCORP /PR/
FC,0000886206,FRANKLIN COVEY CO
FCAP,0001070296,FIRST CAPITAL INC
FCBC,0000859070,FIRST COMMUNITY BANKSHARES INC /VA/
FCCO,0000932781,FIRST COMMUNITY CORP /SC/
FCEL,0000886128,FUELCELL ENERGY INC
FCF,0000712537,FIRST COMMONWEALTH FINANCIAL CORP /PA/
FCFS,0000840489,"FirstCash Holdings, Inc."
FCN,0000887936,"FTI CONSULTING, INC"
FCNCA,0000798941,FIRST CITIZENS BANCSHARES INC /DE/
FCPT,0001650132,"Four Corners Property Trust, Inc."
FCX,0000831259,FREEPORT-MCMORAN INC
FDBC,0001098151,FIDELITY D & D BANCORP INC
FDS,0001013237,FACTSET RESEARCH SYSTEMS INC
FDUS,0001513363,FIDUS INVESTMENT Corp
FDX,0001048911,FEDEX CORP
FE,0001031296,FIRSTENERGY CORP
FEIM,0000039020,FREQUENCY ELECTRONICS INC
FENG,0001509646,Phoenix New Media Ltd
FET,0001401257,"FORUM ENERGY TECHNOLOGIES, INC."
FF,0001337298,FutureFuel Corp.
FFBC,0000708955,FIRST FINANCIAL BANCORP /OH/
FFIN,0000036029,FIRST FINANCIAL BANKSHARES INC
FFIV,0001048695,"F5, INC."
FGBI,0001408534,"First Guaranty Bancshares, Inc."
FHB,0000036377,"FIRST HAWAIIAN, INC."
FHN,0000036966,FIRST HORIZON CORP
FICO,0000814547,FAIR ISAAC CORP
FIS,0001136893,"Fidelity National Information Services, Inc."
FISI,0000862831,FINANCIAL INSTITUTIONS INC
FISK,0001553079,"Empire State Realty OP, L.P."
FISV,0000798354,FISERV INC
FITB,0000035527,FIFTH THIRD BANCORP
FIVE,0001177609,"FIVE BELOW, INC"
FIVN,0001288847,"Five9, Inc."
FIX,0001035983,COMFORT SYSTEMS USA INC
FIZZ,0000069891,NATIONAL BEVERAGE CORP
FLEX,0000866374,FLEX LTD.
FLL,0000891482,FULL HOUSE RESORTS INC
FLR,0001124198,FLUOR CORP
FLS,0000030625,FLOWSERVE CORP
FLWS,0001084869,1 800 FLOWERS COM INC
FLXS,0000037472,FLEXSTEEL INDUSTRIES INC
FLY,0001860160,Firefly Aerospace Inc.
FMAO,0000792966,FARMERS & MERCHANTS BANCORP INC
FMBH,0000700565,"FIRST MID BANCSHARES, INC."
FMC,0000037785,FMC CORP
FMNB,0000709337,FARMERS NATIONAL BANC CORP /OH/
FMS,0001333141,Fresenius Medical Care AG
FMX,0001061736,MEXICAN ECONOMIC DEVELOPMENT INC
FN,0001408710,Fabrinet
FNB,0000037808,FNB CORP/PA/
FNF,0001331875,"Fidelity National Financial, Inc."
FNLC,0000765207,"First Bancorp, Inc /ME/"
FNV,0001456346,FRANCO NEVADA Corp
FNWB,0001556727,First Northwest Bancorp
FOR,0001406587,Forestar Group Inc.
FORM,0001039399,FORMFACTOR INC
FORR,0001023313,"FORRESTER RESEARCH, INC."
FORTY,0001045986,FORMULA SYSTEMS (1985) LTD
FOXF,0001424929,FOX FACTORY HOLDING CORP
FPI,0001591670,Farmland Partners Inc.
FR,0000921825,FIRST INDUSTRIAL REALTY TRUST INC
FRD,0000039092,FRIEDMAN INDUSTRIES INC
FRME,0000712534,FIRST MERCHANTS CORP
FRO,0000913290,Frontline plc
FRPH,0000844059,"FRP HOLDINGS, INC."
FRPT,0001611647,"Freshpet, Inc."
FRT,0000034903,FEDERAL REALTY INVESTMENT TRUST
FSBC,0001275168,FIVE STAR BANCORP
FSBW,0001530249,"FS Bancorp, Inc."
FSI,0001069394,FLEXIBLE SOLUTIONS INTERNATIONAL INC
FSLR,0001274494,"FIRST SOLAR, INC."
FSM,0001341335,FORTUNA MINING CORP.
FSP,0001031316,FRANKLIN STREET PROPERTIES CORP /MA/
FSS,0000277509,FEDERAL SIGNAL CORP /DE/
FSTR,0000352825,FOSTER L B CO
FSV,0001637810,FirstService Corp
FTAI,0001590364,FTAI Aviation Ltd.
FTEK,0000846913,"FUEL TECH, INC."
FTFT,0001066923,Future FinTech Group Inc.
FTI,0001681459,TechnipFMC plc
FTK,0000928054,FLOTEK INDUSTRIES INC/CN/
FTNT,0001262039,"Fortinet, Inc."
FUL,0000039368,FULLER H B CO
FULT,0000700564,FULTON FINANCIAL CORP
FUN,0001999001,Six Flags Entertainment Corporation/NEW
FUNC,0000763907,FIRST UNITED CORP/MD/
FUSB,0000717806,"FIRST US BANCSHARES, INC."
FWONA,0001560385,Liberty Media Corp
FWONK,0001560385,Liberty Media Corp
FWRD,0000912728,FORWARD AIR CORP
G,0001398659,Genpact LTD
GABC,0000714395,"GERMAN AMERICAN BANCORP, INC."
GAIA,0001089872,"GAIA, INC"
GAIN,0001321741,GLADSTONE INVESTMENT CORPORATIONDE
GALT,0001133416,GALECTIN THERAPEUTICS INC
GASS,0001328919,StealthGas Inc.
GATX,0000040211,GATX CORP
GBCI,0000868671,"GLACIER BANCORP, INC."
GBDC,0001476765,"GOLUB CAPITAL BDC, Inc."
GBLI,0001494904,"Global Indemnity Group, LLC"
GBR,0000105744,"New Concept Energy, Inc."
GBX,0000923120,GREENBRIER COMPANIES INC
GCBC,0001070524,GREENE COUNTY BANCORP INC
GCO,0000018498,GENESCO INC
GD,0000040533,GENERAL DYNAMICS CORP
GDDY,0001609711,GoDaddy Inc.
GDOT,0001386278,GREEN DOT CORP
GE,0000040545,GENERAL ELECTRIC CO
GEF,0000043920,"GREIF, INC"
GEL,0001022321,GENESIS ENERGY LP
GEN,0000849399,Gen Digital Inc.
GENC,0000064472,GENCOR INDUSTRIES INC
GEO,0000923796,GEO GROUP INC
GEOS,0001001115,GEOSPACE TECHNOLOGIES CORP
GERN,0000886744,GERON CORP
GEVO,0001392380,"Gevo, Inc."
GFF,0000050725,GRIFFON CORP
GFI,0001172724,GOLD FIELDS LTD
GGAL,0001114700,GRUPO FINANCIERO GALICIA SA
GGB,0001073404,GERDAU S.A.
GGG,0000042888,GRACO INC
GHC,0000104889,Graham Holdings Co
GHM,0000716314,GRAHAM CORP
GIB,0001061574,CGI INC
GIGM,0001105101,GIGAMEDIA Ltd
GIII,0000821002,G III APPAREL GROUP LTD /DE/
GILD,0000882095,"GILEAD SCIENCES, INC."
GILT,0000897322,GILAT SATELLITE NETWORKS LTD
GIS,0000040704,GENERAL MILLS INC
GKOS,0001192448,GLAUKOS Corp
GLAD,0001143513,GLADSTONE CAPITAL CORP
GLBS,0001499780,GLOBUS MARITIME LTD
GLBZ,0000890066,GLEN BURNIE BANCORP
GLMD,0001595353,Galmed Pharmaceuticals Ltd.
GLNG,0001207179,GOLAR LNG LTD
GLOB,0001557860,Globant S.A.
GLP,0001323468,GLOBAL PARTNERS LP
GLPI,0001575965,"Gaming & Leisure Properties, Inc."
GLRE,0001385613,"GREENLIGHT CAPITAL RE, LTD."
GLW,0000024741,CORNING INC /NY
GM,0001467858,General Motors Co
GME,0001326380,GameStop Corp.
GMED,0001237831,GLOBUS MEDICAL INC
GNE,0001528356,Genie Energy Ltd.
GNL,0001526113,"Global Net Lease, Inc."
GNRC,0001474735,GENERAC HOLDINGS INC.
GNTX,0000355811,GENTEX CORP
GNW,0001276520,GENWORTH FINANCIAL INC
GOGO,0001537054,Gogo Inc.
GOLD,0001591588,"Gold.com, Inc."
GOOD,0001234006,GLADSTONE COMMERCIAL CORP
GOOG,0001652044,Alphabet Inc.
GOOGL,0001652044,Alphabet Inc.
GORO,0001160791,GOLD RESOURCE CORP
GPC,0000040987,GENUINE PARTS CO
GPI,0001031203,GROUP 1 AUTOMOTIVE INC
GPK,0001408075,GRAPHIC PACKAGING HOLDING CO
GPN,0001123360,GLOBAL PAYMENTS INC
GPOR,0000874499,GULFPORT ENERGY CORP
GPRE,0001309402,Green Plains Inc.
GPRK,0001464591,GeoPark Ltd
GPRO,0001500435,"GoPro, Inc."
GRBK,0001373670,"Green Brick Partners, Inc."
GRC,0000042682,GORMAN RUPP CO
GRFS,0001438569,Grifols SA
GRMN,0001121788,GARMIN LTD
GROW,0000754811,U S GLOBAL INVESTORS INC
GRPN,0001490281,"Groupon, Inc."
GRVY,0001313310,"GRAVITY Co., Ltd."
GS,0000886982,GOLDMAN SACHS GROUP INC
GSAT,0001366868,"Globalstar, Inc."
GSBC,0000854560,"GREAT SOUTHERN BANCORP, INC."
GSBD,0001572694,"Goldman Sachs BDC, Inc."
GSIT,0001126741,GSI TECHNOLOGY INC
GSK,0001131399,GSK plc
GSL,0001430725,"Global Ship Lease, Inc."
GSM,0001639877,Ferroglobe PLC
GT,0000042582,GOODYEAR TIRE & RUBBER CO /OH/
GTE,0001273441,GRAN TIERRA ENERGY INC.
GTIM,0000825324,Good Times Restaurants Inc.
GTLS,0000892553,CHART INDUSTRIES INC
GTN,0000043196,"GRAY MEDIA, INC"
GTY,0001052752,GETTY REALTY CORP /MD/
GURE,0000885462,"GULF RESOURCES, INC."
GV,0001892274,Visionary Holdings Inc.
GVA,0000861459,GRANITE CONSTRUCTION INC
GWRE,0001528396,"Guidewire Software, Inc."
GWW,0000277135,"W.W. GRAINGER, INC."
GYRO,0001589061,"Gyrodyne, LLC"
H,0001468174,Hyatt Hotels Corp
HAE,0000313143,HAEMONETICS CORP
HAFC,0001109242,HANMI FINANCIAL CORP
HAIN,0000910406,HAIN CELESTIAL GROUP INC
HAL,0000045012,HALLIBURTON CO
HALO,0001159036,"HALOZYME THERAPEUTICS, INC."
HAS,0000046080,"HASBRO, INC."
HASI,0001561894,"HA Sustainable Infrastructure Capital, Inc."
HBAN,0000049196,HUNTINGTON BANCSHARES INC /MD/
HBCP,0001436425,"HOME BANCORP, INC."
HBIO,0001123494,HARVARD BIOSCIENCE INC
HBM,0001322422,Hudbay Minerals Inc.
HBNC,0000706129,HORIZON BANCORP INC /IN/
HCA,0000860730,"HCA Healthcare, Inc."
HCI,0001400810,"HCI Group, Inc."
HCSG,0000731012,HEALTHCARE SERVICES GROUP INC
HD,0000354950,"HOME DEPOT, INC."
HDB,0001144967,HDFC BANK LTD
HDSN,0000925528,HUDSON TECHNOLOGIES INC /NY
HE,0000354707,HAWAIIAN ELECTRIC INDUSTRIES INC
HEI,0000046619,HEICO CORP
HELE,0000916789,HELEN OF TROY LTD
HFBL,0001500375,"Home Federal Bancorp, Inc. of Louisiana"
HFWA,0001046025,HERITAGE FINANCIAL CORP /WA/
HHS,0000045919,HARTE HANKS INC
HIG,0000874766,"HARTFORD INSURANCE GROUP, INC."
HIHO,0001026785,HIGHWAY HOLDINGS LTD
HII,0001501585,"HUNTINGTON INGALLS INDUSTRIES, INC."
HIMX,0001342338,"Himax Technologies, Inc."
HIW,0000921082,"HIGHWOODS PROPERTIES, INC."
HL,0000719413,HECLA MINING CO/DE/
HLF,0001180262,HERBALIFE LTD.
HLI,0001302215,"HOULIHAN LOKEY, INC."
HLIT,0000851310,HARMONIC INC.
HLT,0001585689,Hilton Worldwide Holdings Inc.
HLX,0000866829,HELIX ENERGY SOLUTIONS GROUP INC
HMC,0000715153,HONDA MOTOR CO LTD
HMN,0000850141,HORACE MANN EDUCATORS CORP /DE/
HMY,0001023514,HARMONY GOLD MINING CO LTD
HNNA,0001145255,HENNESSY ADVISORS INC
HNRG,0000788965,HALLADOR ENERGY CO
HOFT,0001077688,HOOKER FURNISHINGS Corp
HOG,0000793952,"HARLEY-DAVIDSON, INC."
HOMB,0001331520,HOME BANCSHARES INC
HON,0000773840,HONEYWELL INTERNATIONAL INC
HOPE,0001128361,HOPE BANCORP INC
HOV,0000357294,HOVNANIAN ENTERPRISES INC
HOVNP,0000357294,HOVNANIAN ENTERPRISES INC
HP,0000046765,"Helmerich & Payne, Inc."
HPE,0001645590,Hewlett Packard Enterprise Co
HPP,0001482512,"Hudson Pacific Properties, Inc."
HPQ,0000047217,HP INC
HQY,0001428336,"HEALTHEQUITY, INC."
HR,0001360604,Healthcare Realty Trust Inc
HRB,0000012659,H&R BLOCK INC
HRI,0001364479,HERC HOLDINGS INC
HRL,0000048465,HORMEL FOODS CORP /DE/
HRTG,0001598665,"Heritage Insurance Holdings, Inc."
HRTX,0000818033,"HERON THERAPEUTICS, INC. /DE/"
HRZN,0001487428,Horizon Technology Finance Corp
HSBC,0001089113,HSBC HOLDINGS PLC
HSIC,0001000228,HENRY SCHEIN INC
HST,0001070750,"HOST HOTELS & RESORTS, INC."
HSTM,0001095565,HEALTHSTREAM INC
HSY,0000047111,HERSHEY CO
HTGC,0001280784,"Hercules Capital, Inc."
HTH,0001265131,Hilltop Holdings Inc.
HTHT,0001483994,H World Group Ltd
HTLD,0000799233,HEARTLAND EXPRESS INC
HTZ,0001657853,"HERTZ GLOBAL HOLDINGS, INC"
HUBB,0000048898,HUBBELL INC
HUBG,0000940942,"Hub Group, Inc."
HUBS,0001404655,HUBSPOT INC
HUM,0000049071,HUMANA INC
HUN,0001307954,Huntsman CORP
HURC,0000315374,HURCO COMPANIES INC
HURN,0001289848,Huron Consulting Group Inc.
HVT,0000216085,HAVERTY FURNITURE COMPANIES INC
HWBK,0000893847,"HAWTHORN BANCSHARES, INC."
HWKN,0000046250,HAWKINS INC
HXL,0000717605,HEXCEL CORP /DE/
HY,0001173514,"HYSTER-YALE, INC."
HZO,0001057060,MARINEMAX INC
IAG,0001203464,IAMGOLD CORP
IART,0000917520,INTEGRA LIFESCIENCES HOLDINGS CORP
IBCP,0000039311,INDEPENDENT BANK CORP /MI/
IBIO,0001420720,"iBio, Inc."
IBKR,0001381197,"Interactive Brokers Group, Inc."
IBM,0000051143,INTERNATIONAL BUSINESS MACHINES CORP
IBN,0001103838,ICICI BANK LTD
IBOC,0000315709,INTERNATIONAL BANCSHARES CORP
IBP,0001580905,"Installed Building Products, Inc."
ICCC,0000811641,IMMUCELL CORP /DE/
ICE,0001571949,"Intercontinental Exchange, Inc."
ICFI,0001362004,"ICF International, Inc."
ICL,0000941221,ICL Group Ltd.
ICLR,0001060955,ICON PLC
ICON,0001995574,Icon Energy Corp
ICUI,0000883984,ICU MEDICAL INC/DE
IDA,0001057877,IDACORP INC
IDCC,0001405495,"InterDigital, Inc."
IDN,0001040896,"Intellicheck, Inc."
IDT,0001005731,IDT CORP
IDXG,0001054102,"INTERPACE BIOSCIENCES, INC."
IDXX,0000874716,IDEXX LABORATORIES INC /DE
IEP,0000813762,ICAHN ENTERPRISES L.P.
IESC,0001048268,"IES Holdings, Inc."
IEX,0000832101,IDEX CORP /DE/
IFF,0000051253,INTERNATIONAL FLAVORS & FRAGRANCES INC
IGC,0001326205,"IGC Pharma, Inc."
IHG,0000858446,INTERCONTINENTAL HOTELS GROUP PLC /NEW/
IHT,0000082473,INNSUITES HOSPITALITY TRUST
III,0001371489,Information Services Group Inc.
IIIN,0000764401,INSTEEL INDUSTRIES INC
IMAX,0000921582,IMAX CORP
IMKTA,0000050493,INGLES MARKETS INC
IMMP,0001506184,IMMUTEP Ltd
IMMR,0001058811,IMMERSION CORP
IMO,0000049938,IMPERIAL OIL LTD
IMOS,0001123134,CHIPMOS TECHNOLOGIES INC
INBK,0001562463,First Internet Bancorp
INCY,0000879169,INCYTE CORP
INDB,0000776901,INDEPENDENT BANK CORP
INFU,0001337013,"InfuSystem Holdings, Inc"
INFY,0001067491,Infosys Ltd
ING,0001039765,ING GROEP NV
INGN,0001294133,Inogen Inc
INGR,0001046257,Ingredion Inc
INN,0001497645,"Summit Hotel Properties, Inc."
INO,0001055726,"INOVIO PHARMACEUTICALS, INC."
INOD,0000903651,INNODATA INC
INSE,0001615063,"Inspired Entertainment, Inc."
INSG,0001022652,INSEEGO CORP.
INSM,0001104506,INSMED Inc
INTC,0000050863,INTEL CORP
INTG,0000069422,INTERGROUP CORP
INTT,0001036262,INTEST CORP
INTU,0000896878,INTUIT INC.
INUV,0000829323,"Inuvo, Inc."
INVA,0001080014,"Innoviva, Inc."
INVE,0001036044,"Identiv, Inc."
INVH,0001687229,Invitation Homes Inc.
IONS,0000874015,IONIS PHARMACEUTICALS INC
IOR,0000949961,INCOME OPPORTUNITY REALTY INVESTORS INC /TX/
IOSP,0001054905,INNOSPEC INC.
IOVA,0001425205,"IOVANCE BIOTHERAPEUTICS, INC."
IP,0000051434,INTERNATIONAL PAPER CO /NEW/
IPAR,0000822663,INTERPARFUMS INC
IPDN,0001546296,"Professional Diversity Network, Inc."
IPGP,0001111928,IPG PHOTONICS CORP
IPI,0001421461,"Intrepid Potash, Inc."
IPWR,0001507957,Ideal Power Inc.
IQV,0001478242,IQVIA HOLDINGS INC.
IR,0001699150,Ingersoll Rand Inc.
IRDM,0001418819,Iridium Communications Inc.
IRM,0001020569,IRON MOUNTAIN INC
IRMD,0001325618,IRADIMED CORP
IRS,0000933267,IRSA INVESTMENTS & REPRESENTATIONS INC
IRT,0001466085,"INDEPENDENCE REALTY TRUST, INC."
IRWD,0001446847,IRONWOOD PHARMACEUTICALS INC
ISRG,0001035267,INTUITIVE SURGICAL INC
ISSC,0000836690,INNOVATIVE SOLUTIONS & SUPPORT INC
ISTR,0001602658,Investar Holding Corp
IT,0000749251,GARTNER INC
ITGR,0001114483,Integer Holdings Corp
ITIC,0000720858,INVESTORS TITLE CO
ITRI,0000780571,"ITRON, INC."
ITRN,0001337117,Ituran Location & Control Ltd.
ITT,0000216228,ITT INC.
ITUB,0001132597,Itau Unibanco Holding S.A.
ITW,0000049826,ILLINOIS TOOL WORKS INC
IVR,0001437071,Invesco Mortgage Capital Inc.
IVZ,0000914208,Invesco Ltd.
IX,0001070304,ORIX CORP
IZEA,0001495231,"IZEA Worldwide, Inc."
JACK,0000807882,JACK IN THE BOX INC
JAGX,0001585608,"Jaguar Health, Inc."
JAKK,0001009829,JAKKS PACIFIC INC
JAZZ,0001232524,Jazz Pharmaceuticals plc
JBHT,0000728535,HUNT J B TRANSPORT SERVICES INC
JBL,0000898293,JABIL INC
JBLU,0001158463,JETBLUE AIRWAYS CORP
JBSS,0000880117,SANFILIPPO JOHN B & SON INC
JCI,0000833444,Johnson Controls International plc
JD,0001549802,"JD.com, Inc."
JHX,0001159152,James Hardie Industries plc
JJSF,0000785956,J&J SNACK FOODS CORP
JKHY,0000779152,JACK HENRY & ASSOCIATES INC
JKS,0001481513,"JinkoSolar Holding Co., Ltd."
JLL,0001037976,JONES LANG LASALLE INC
JOB,0000040570,GEE Group Inc.
JOE,0000745308,ST JOE Co
JOUT,0000788329,JOHNSON OUTDOORS INC
JPM,0000019617,JPMORGAN CHASE & CO
JRVR,0001620459,"James River Group Holdings, Inc."
JVA,0001007019,COFFEE HOLDING CO INC
JYNT,0001612630,JOINT Corp
KALU,0000811596,KAISER ALUMINUM CORP
KB,0001445930,KB Financial Group Inc.
KBH,0000795266,KB HOME
KBR,0001357615,"KBR, INC."
KE,0001606757,"Kimball Electronics, Inc."
KELYB,0000055135,KELLY SERVICES INC
KEN,0001611005,Kenon Holdings Ltd.
KEP,0000887225,KOREA ELECTRIC POWER CORP
KEQU,0000055529,KEWAUNEE SCIENTIFIC CORP /DE/
KEX,0000056047,KIRBY CORP
KEY,0000091576,KEYCORP /NEW/
KEYS,0001601046,"Keysight Technologies, Inc."
KFFB,0001297341,Kentucky First Federal Bancorp
KFRC,0000930420,KFORCE INC
KFY,0000056679,KORN FERRY
KGC,0000701818,KINROSS GOLD CORP
KIM,0000879101,KIMCO REALTY CORP
KINS,0000033992,"KINGSTONE COMPANIES, INC."
KKR,0001404912,KKR & Co. Inc.
KLAC,0000319201,KLA CORP
KLIC,0000056978,KULICKE & SOFFA INDUSTRIES INC
KMB,0000055785,KIMBERLY CLARK CORP
KMDA,0001567529,KAMADA LTD
KMI,0001506307,"KINDER MORGAN, INC."
KMPR,0000860748,KEMPER Corp
KMT,0000055242,KENNAMETAL INC
KMX,0001170010,CARMAX INC
KN,0001587523,Knowles Corp
KNDI,0001720250,"Kandi Technologies Group, Inc."
KNOP,0001564180,KNOT Offshore Partners LP
KNX,0001492691,Knight-Swift Transportation Holdings Inc.
KO,0000021344,COCA COLA CO
KODK,0000031235,EASTMAN KODAK CO
KOF,0000910631,COCA COLA FEMSA SAB DE CV
KOP,0001315257,Koppers Holdings Inc.
KOPN,0000771266,KOPIN CORP
KOS,0001509991,Kosmos Energy Ltd.
KOSS,0000056701,KOSS CORP
KPTI,0001503802,Karyopharm Therapeutics Inc.
KR,0000056873,KROGER CO
KRC,0001025996,KILROY REALTY CORP
KRG,0001286043,KITE REALTY GROUP TRUST
KRNT,0001625791,Kornit Digital Ltd.
KRNY,0001617242,Kearny Financial Corp.
KRO,0001257640,KRONOS WORLDWIDE INC
KSS,0000885639,KOHLS Corp
KT,0000892450,KT CORP
KTCC,0000719733,KEY TRONIC CORP
KTOS,0001069258,"KRATOS DEFENSE & SECURITY SOLUTIONS, INC."
KVHI,0001007587,KVH INDUSTRIES INC \DE\
KWR,0000081362,QUAKER CHEMICAL CORP
KZIA,0001075880,KAZIA THERAPEUTICS LTD
L,0000060086,LOEWS CORP
LAD,0001023128,LITHIA MOTORS INC
LADR,0001577670,Ladder Capital Corp
LAKE,0000798081,LAKELAND INDUSTRIES INC
LAMR,0001090425,LAMAR ADVERTISING CO/NEW
LAND,0001495240,GLADSTONE LAND Corp
LARK,0001141688,LANDMARK BANCORP INC
LAZ,0001311370,"Lazard, Inc."
LB,0001995807,LandBridge Co LLC
LBRDA,0001611983,Liberty Broadband Corp
LBRDK,0001611983,Liberty Broadband Corp
LBTYA,0001570585,Liberty Global Ltd.
LBTYB,0001570585,Liberty Global Ltd.
LBTYK,0001570585,Liberty Global Ltd.
LCII,0000763744,LCI INDUSTRIES
LCNB,0001074902,LCNB CORP
LCUT,0000874396,"LIFETIME BRANDS, INC"
LDOS,0001336920,"Leidos Holdings, Inc."
LE,0000799288,"LANDS' END, INC."
LEA,0000842162,LEAR CORP
LECO,0000059527,LINCOLN ELECTRIC HOLDINGS INC
LEDS,0001333822,SemiLEDs Corp
LEE,0000058361,"LEE ENTERPRISES, Inc"
LEG,0000058492,LEGGETT & PLATT INC
LEN,0000920760,LENNAR CORP /NEW/
LFVN,0000849146,Lifevantage Corp
LGIH,0001580670,"LGI Homes, Inc."
LGL,0000061004,LGL GROUP INC
LGND,0000886163,LIGAND PHARMACEUTICALS INC
LH,0000920148,LABCORP HOLDINGS INC.
LIFE,0001788451,Ethos Technologies Inc.
LII,0001069202,LENNOX INTERNATIONAL INC
LILA,0001712184,Liberty Latin America Ltd.
LILAK,0001712184,Liberty Latin America Ltd.
LINC,0001286613,LINCOLN EDUCATIONAL SERVICES CORP
LIND,0001512499,"LINDBLAD EXPEDITIONS HOLDINGS, INC."
LIQT,0001307579,LIQTECH INTERNATIONAL INC
LITB,0001523836,"LightInTheBox Holding Co., Ltd."
LITE,0001633978,Lumentum Holdings Inc.
LIVE,0001045742,LIVE VENTURES Inc
LIVN,0001639691,LivaNova PLC
LKFN,0000721994,LAKELAND FINANCIAL CORP
LKQ,0001065696,LKQ CORP
LLY,0000059478,ELI LILLY & Co
LMAT,0001158895,LEMAITRE VASCULAR INC
LMB,0001606163,"Limbach Holdings, Inc."
LMFA,0001640384,"LM FUNDING AMERICA, INC."
LMNR,0001342423,Limoneira CO
LMT,0000936468,LOCKHEED MARTIN CORP
LNC,0000059558,LINCOLN NATIONAL CORP
LND,0001499849,BrasilAgro - Brazilian Agricultural Real Estate Co
LNG,0000003570,"Cheniere Energy, Inc."
LNN,0000836157,LINDSAY CORP
LNT,0000352541,ALLIANT ENERGY CORP
LNTH,0001521036,"Lantheus Holdings, Inc."
LOAN,0001080340,"MANHATTAN BRIDGE CAPITAL, INC"
LOB,0001462120,"Live Oak Bancshares, Inc."
LOCO,0001606366,"El Pollo Loco Holdings, Inc."
LODE,0001120970,Comstock Inc.
LOGI,0001032975,LOGITECH INTERNATIONAL S.A.
LOPE,0001434588,"Grand Canyon Education, Inc."
LOW,0000060667,LOWES COMPANIES INC
LPCN,0001535955,Lipocine Inc.
LPL,0001290109,"LG Display Co., Ltd."
LPLA,0001397911,LPL Financial Holdings Inc.
LPSN,0001102993,LIVEPERSON INC
LPTH,0000889971,LIGHTPATH TECHNOLOGIES INC
LPX,0000060519,LOUISIANA-PACIFIC CORP
LQDT,0001235468,LIQUIDITY SERVICES INC
LRCX,0000707549,LAM RESEARCH CORP
LRN,0001157408,"Stride, Inc."
LSBK,0002059653,"Lake Shore Bancorp, Inc. /MD/"
LSTR,0000853816,LANDSTAR SYSTEM INC
LTBR,0001084554,LIGHTBRIDGE Corp
LTC,0000887905,LTC PROPERTIES INC
LTM,0001047716,LATAM AIRLINES GROUP S.A.
LTRX,0001114925,LANTRONIX INC
LULU,0001397187,lululemon athletica inc.
LUV,0000092380,SOUTHWEST AIRLINES CO
LVS,0001300514,LAS VEGAS SANDS CORP
LWAY,0000814586,"Lifeway Foods, Inc."
LXFR,0001096056,LUXFER HOLDINGS PLC
LXP,0000910108,LXP Industrial Trust
LXRX,0001062822,"LEXICON PHARMACEUTICALS, INC."
LXU,0000060714,"LSB INDUSTRIES, INC."
LYB,0001489393,LyondellBasell Industries N.V.
LYG,0001160106,Lloyds Banking Group plc
LYTS,0000763532,LSI INDUSTRIES INC
LYV,0001335258,"Live Nation Entertainment, Inc."
LZB,0000057131,LA-Z-BOY INC
M,0000794367,"Macy's, Inc."
MA,0001141391,Mastercard Inc
MAA,0000912595,MID AMERICA APARTMENT COMMUNITIES INC.
MAC,0000912242,MACERICH CO
MAIN,0001396440,Main Street Capital CORP
MAN,0000871763,ManpowerGroup Inc.
MANH,0001056696,MANHATTAN ASSOCIATES INC
MANU,0001549107,Manchester United plc
MAR,0001048286,MARRIOTT INTERNATIONAL INC /MD/
MARA,0001507605,"MARA Holdings, Inc."
MARPS,0000062362,MARINE PETROLEUM TRUST
MAS,0000062996,MASCO CORP /DE/
MAT,0000063276,MATTEL INC /DE/
MATW,0000063296,MATTHEWS INTERNATIONAL CORP
MATX,0000003453,"Matson, Inc."
MAYS,0000054187,MAYS J W INC
MBI,0000814585,MBIA INC
MBOT,0000883975,Microbot Medical Inc.
MBUU,0001590976,"MALIBU BOATS, INC."
MBWM,0001042729,MERCANTILE BANK CORP
MC,0001596967,Moelis & Co
MCD,0000063908,MCDONALDS CORP
MCFT,0001638290,"MasterCraft Boat Holdings, Inc."
MCHP,0000827054,MICROCHIP TECHNOLOGY INC
MCHX,0001224133,MARCHEX INC
MCK,0000927653,MCKESSON CORP
MCO,0001059556,MOODYS CORP /DE/
MCRB,0001609809,"Seres Therapeutics, Inc."
MCRI,0000907242,MONARCH CASINO & RESORT INC
MCS,0000062234,MARCUS CORP
MCY,0000064996,MERCURY GENERAL CORP
MD,0000893949,"Pediatrix Medical Group, Inc."
MDGL,0001157601,"MADRIGAL PHARMACEUTICALS, INC."
MDLZ,0001103982,"Mondelez International, Inc."
MDT,0001613103,Medtronic plc
MDU,0000067716,MDU RESOURCES GROUP INC
MDWD,0001593984,MediWound Ltd.
MED,0000910329,MEDIFAST INC
MEI,0000065270,METHODE ELECTRONICS INC
MELI,0001099590,MERCADOLIBRE INC
MEOH,0000886977,METHANEX CORP
MERC,0001333274,MERCER INTERNATIONAL INC.
MESO,0001345099,MESOBLAST LTD
MET,0001099219,METLIFE INC
MFA,0001055160,"MFA FINANCIAL, INC."
MFC,0001086888,MANULIFE FINANCIAL CORP
MFG,0001335730,MIZUHO FINANCIAL GROUP INC
MFIN,0001000209,MEDALLION FINANCIAL CORP
MG,0001436126,"Mistras Group, Inc."
MGA,0000749098,MAGNA INTERNATIONAL INC
MGEE,0001161728,MGE ENERGY INC
MGM,0000789570,MGM Resorts International
MGNX,0001125345,MACROGENICS INC
MGPI,0000835011,MGP INGREDIENTS INC
MGRC,0000752714,MCGRATH RENTCORP
MGYR,0001337068,"Magyar Bancorp, Inc."
MHH,0001437226,"Mastech Digital, Inc."
MHK,0000851968,MOHAWK INDUSTRIES INC
MHO,0000799292,"M/I HOMES, INC."
MIND,0000926423,"MIND TECHNOLOGY, INC"
MITK,0000807863,MITEK SYSTEMS INC
MITT,0001514281,"TPG Mortgage Investment Trust, Inc."
MKC,0000063754,MCCORMICK & CO INC
MKL,0001096343,MARKEL GROUP INC.
MKSI,0001049502,MKS INC
MKTX,0001278021,MARKETAXESS HOLDINGS INC
MLAB,0000724004,MESA LABORATORIES INC /CO/
MLCO,0001381640,Melco Resorts & Entertainment LTD
MLI,0000089439,MUELLER INDUSTRIES INC
MLM,0000916076,MARTIN MARIETTA MATERIALS INC
MLP,0000063330,MAUI LAND & PINEAPPLE CO INC
MLR,0000924822,MILLER INDUSTRIES INC /TN/
MLSS,0000855683,MILESTONE SCIENTIFIC INC.
MMI,0001578732,"Marcus & Millichap, Inc."
MMLP,0001176334,MARTIN MIDSTREAM PARTNERS L.P.
MMM,0000066740,3M CO
MMS,0001032220,"MAXIMUS, INC."
MMSI,0000856982,MERIT MEDICAL SYSTEMS INC
MMYT,0001495153,MakeMyTrip Ltd
MNDO,0001119083,MIND CTI LTD
MNKD,0000899460,MANNKIND CORP
MNOV,0001226616,MEDICINOVA INC
MNR,0001980088,MACH NATURAL RESOURCES LP
MNRO,0000876427,"MONRO, INC."
MNST,0000865752,Monster Beverage Corp
MO,0000764180,"ALTRIA GROUP, INC."
MOD,0000067347,MODINE MANUFACTURING CO
MOH,0001179929,"MOLINA HEALTHCARE, INC."
MOMO,0001610601,Hello Group Inc.
MORN,0001289419,"Morningstar, Inc."
MOS,0001285785,MOSAIC CO
MOV,0000072573,MOVADO GROUP INC
MPAA,0000918251,MOTORCAR PARTS OF AMERICA INC
MPB,0000879635,MID PENN BANCORP INC
MPC,0001510295,Marathon Petroleum Corp
MPLX,0001552000,MPLX LP
MPWR,0001280452,MONOLITHIC POWER SYSTEMS INC
MRCY,0001049521,MERCURY SYSTEMS INC
MRK,0000310158,"Merck & Co., Inc."
MRLN,0002028707,"Merlin, Inc."
MRTN,0000799167,MARTEN TRANSPORT LTD
MRVL,0001835632,"Marvell Technology, Inc."
MS,0000895421,MORGAN STANLEY
MSA,0000066570,MSA Safety Inc
MSB,0000065172,MESABI TRUST
MSCI,0001408198,MSCI Inc.
MSEX,0000066004,MIDDLESEX WATER CO
MSFT,0000789019,MICROSOFT CORP
MSI,0000068505,"Motorola Solutions, Inc."
MSM,0001003078,MSC INDUSTRIAL DIRECT CO INC
MSN,0000032621,EMERSON RADIO CORP
MSTR,0001050446,Strategy Inc
MT,0001243429,ArcelorMittal
MTB,0000036270,M&T BANK CORP
MTCH,0000891103,"Match Group, Inc."
MTD,0001037646,METTLER TOLEDO INTERNATIONAL INC/
MTDR,0001520006,Matador Resources Co
MTEX,0001056358,MANNATECH INC
MTG,0000876437,MGIC INVESTMENT CORP
MTH,0000833079,Meritage Homes CORP
MTLS,0001091223,MATERIALISE NV
MTN,0000812011,VAIL RESORTS INC
MTNB,0001582554,"Matinas BioPharma Holdings, Inc."
MTRN,0001104657,MATERION Corp
MTRX,0000866273,MATRIX SERVICE CO
MTSI,0001493594,"MACOM Technology Solutions Holdings, Inc."
MTW,0000061986,MANITOWOC CO INC
MTX,0000891014,MINERALS TECHNOLOGIES INC
MTZ,0000015615,MASTEC INC
MU,0000723125,MICRON TECHNOLOGY INC
MUR,0000717423,MURPHY OIL CORP
MUSA,0001573516,Murphy USA Inc.
MUX,0000314203,McEwen Inc.
MVBF,0001277902,MVB FINANCIAL CORP
MVIS,0000065770,"MICROVISION, INC."
MVO,0001371782,MV Oil Trust
MWA,0001350593,"Mueller Water Products, Inc."
MX,0001325702,MAGNACHIP SEMICONDUCTOR Corp
MXC,0000066418,MEXCO ENERGY CORP
MXL,0001288469,"MAXLINEAR, INC"
MYE,0000069488,MYERS INDUSTRIES INC
MYGN,0000899923,MYRIAD GENETICS INC
MYRG,0000700923,MYR GROUP INC.
NAII,0000787253,NATURAL ALTERNATIVES INTERNATIONAL INC
NAK,0001164771,NORTHERN DYNASTY MINERALS LTD
NAT,0001000177,NORDIC AMERICAN TANKERS Ltd
NATH,0000069733,"NATHANS FAMOUS, INC."
NATR,0000275053,NATURES SUNSHINE PRODUCTS INC
NAVI,0001593538,NAVIENT CORP
NBHC,0001475841,National Bank Holdings Corp
NBIX,0000914475,NEUROCRINE BIOSCIENCES INC
NBR,0001163739,NABORS INDUSTRIES LTD
NBTB,0000790359,NBT BANCORP INC
NC,0000789933,NACCO INDUSTRIES INC
NCLH,0001513761,Norwegian Cruise Line Holdings Ltd.
NCTY,0001296774,The9 LTD
NDAQ,0001120193,"NASDAQ, INC."
NDLS,0001275158,NOODLES & Co
NDSN,0000072331,NORDSON CORP
NE,0001895262,Noble Corp plc
NEE,0000753308,NEXTERA ENERGY INC
NEM,0001164727,NEWMONT Corp /DE/
NEN,0000746514,NEW ENGLAND REALTY ASSOCIATES LIMITED PARTNERSHIP
NEO,0001077183,NEOGENOMICS INC
NEOG,0000711377,NEOGEN CORP
NEON,0000087050,Neonode Inc.
NERV,0001598646,"Minerva Neurosciences, Inc."
NEU,0001282637,NEWMARKET CORP
NFBK,0001493225,"Northfield Bancorp, Inc."
NFG,0000070145,NATIONAL FUEL GAS CO
NFLX,0001065280,NETFLIX INC
NG,0001173420,NOVAGOLD RESOURCES INC
NGG,0001004315,NATIONAL GRID PLC
NGL,0001504461,NGL Energy Partners LP
NGS,0001084991,NATURAL GAS SERVICES GROUP INC
NGVC,0001547459,"Natural Grocers by Vitamin Cottage, Inc."
NHC,0001047335,NATIONAL HEALTHCARE CORP
NHI,0000877860,NATIONAL HEALTH INVESTORS INC
NHTC,0000912061,NATURAL HEALTH TRENDS CORP
NI,0001111711,NISOURCE INC.
NICE,0001003935,NICE Ltd.
NJR,0000356309,NEW JERSEY RESOURCES CORP
NKE,0000320187,"NIKE, Inc."
NKSH,0000796534,NATIONAL BANKSHARES INC
NKTR,0000906709,NEKTAR THERAPEUTICS
NL,0000072162,NL INDUSTRIES INC
NLY,0001043219,ANNALY CAPITAL MANAGEMENT INC
NMFC,0001496099,New Mountain Finance Corp
NMIH,0001547903,"NMI Holdings, Inc."
NMM,0001415921,Navios Maritime Partners L.P.
NMR,0001163653,NOMURA HOLDINGS INC
NNBR,0000918541,NN INC
NNI,0001258602,NELNET INC
NNN,0000751364,"NNN REIT, INC."
NNVC,0001379006,"NANOVIRICIDES, INC."
NOA,0001368519,North American Construction Group Ltd.
NOAH,0001499543,NOAH HOLDINGS LTD
NOC,0001133421,NORTHROP GRUMMAN CORP /DE/
NOG,0001104485,"NORTHERN OIL & GAS, INC."
NOK,0000924613,NOKIA CORP
NOV,0001021860,NOV Inc.
NOVT,0001076930,NOVANTA INC
NOW,0001373715,"ServiceNow, Inc."
NP,0002067129,Neptune Insurance Holdings Inc.
NPK,0000080172,NATIONAL PRESTO INDUSTRIES INC
NPO,0001164863,Enpro Inc.
NRG,0001013871,"NRG ENERGY, INC."
NRIM,0001163370,NORTHRIM BANCORP INC
NRP,0001171486,NATURAL RESOURCE PARTNERS LP
NRT,0000072633,NORTH EUROPEAN OIL ROYALTY TRUST
NSA,0001618563,National Storage Affiliates Trust
NSC,0000702165,NORFOLK SOUTHERN CORP
NSIT,0000932696,INSIGHT ENTERPRISES INC
NSP,0001000753,"INSPERITY, INC."
NSPR,0001433607,"InspireMD, Inc."
NSSC,0000069633,"NAPCO SECURITY TECHNOLOGIES, INC"
NSYS,0000722313,NORTECH SYSTEMS INC
NTAP,0001002047,"NetApp, Inc."
NTCT,0001078075,NETSCOUT SYSTEMS INC
NTES,0001110646,"NetEase, Inc."
NTGR,0001122904,"NETGEAR, INC."
NTIC,0000875582,NORTHERN TECHNOLOGIES INTERNATIONAL CORP
NTIP,0001065078,"NETWORK-1 TECHNOLOGIES, INC."
NTRA,0001604821,"Natera, Inc."
NTRP,0000788611,"NextTrip, Inc."
NTRS,0000073124,NORTHERN TRUST CORP
NTWK,0001039280,NETSOL TECHNOLOGIES INC
NTZ,0000900391,NATUZZI S P A
NUE,0000073309,NUCOR CORP
NUS,0001021561,"NU SKIN ENTERPRISES, INC."
NVAX,0001000694,NOVAVAX INC
NVCR,0001645113,NovoCure Ltd
NVDA,0001045810,NVIDIA CORP
NVEC,0000724910,NVE CORP /NEW/
NVGS,0001581804,Navigator Holdings Ltd.
NVMI,0001109345,NOVA LTD.
NVO,0000353278,NOVO NORDISK A S
NVR,0000906163,NVR INC
NVS,0001114448,NOVARTIS AG
NWBI,0001471265,"Northwest Bancshares, Inc."
NWE,0001993004,"NorthWestern Energy Group, Inc."
NWFL,0001013272,NORWOOD FINANCIAL CORP
NWL,0000814453,NEWELL BRANDS INC.
NWN,0001733998,Northwest Natural Holding Co
NWPX,0001001385,"NWPX Infrastructure, Inc."
NWSA,0001564708,NEWS CORP
NX,0001423221,Quanex Building Products CORP
NXPI,0001413447,NXP Semiconductors N.V.
NXRT,0001620393,"NexPoint Residential Trust, Inc."
NXST,0001142417,"NEXSTAR MEDIA GROUP, INC."
NYT,0000071691,NEW YORK TIMES CO
O,0000726728,REALTY INCOME CORP
OBE,0001334388,OBSIDIAN ENERGY LTD.
OC,0001370946,Owens Corning
OCC,0001000230,OPTICAL CABLE CORP
OCFC,0001004702,OCEANFIRST FINANCIAL CORP
OCSL,0001414932,Oaktree Specialty Lending Corp
OCUL,0001393434,"OCULAR THERAPEUTIX, INC"
ODC,0000074046,Oil-Dri Corp of America
ODFL,0000878927,"OLD DOMINION FREIGHT LINE, INC."
OEC,0001609804,Orion S.A.
OESX,0001409375,"ORION ENERGY SYSTEMS, INC."
OFG,0001030469,OFG BANCORP
OFIX,0000884624,Orthofix Medical Inc.
OFLX,0001317945,"Omega Flex, Inc."
OFS,0001487918,OFS Capital Corp
OGCP,0001553079,"Empire State Realty OP, L.P."
OGE,0001021635,OGE ENERGY CORP.
OGEN,0001174940,ORAGENICS INC
OGS,0001587732,"ONE Gas, Inc."
OHI,0000888491,OMEGA HEALTHCARE INVESTORS INC
OI,0000812074,"O-I Glass, Inc. /DE/"
OII,0000073756,OCEANEERING INTERNATIONAL INC
OIS,0001121484,"OIL STATES INTERNATIONAL, INC"
OKE,0001039684,ONEOK INC /NEW/
OLED,0001005284,UNIVERSAL DISPLAY CORP \PA\
OLLI,0001639300,"Ollie's Bargain Outlet Holdings, Inc."
OLN,0000074303,OLIN Corp
OLP,0000712770,ONE LIBERTY PROPERTIES INC
OMAB,0001378239,Central North Airport Group
OMC,0000029989,OMNICOM GROUP INC.
OMCL,0000926326,"OMNICELL, INC."
OMER,0001285819,OMEROS CORP
OMEX,0000798528,ODYSSEY MARINE EXPLORATION INC
OMF,0001584207,"OneMain Holdings, Inc."
ON,0001097864,ON SEMICONDUCTOR CORP
ONB,0000707179,OLD NATIONAL BANCORP /IN/
OOMA,0001327688,OOMA INC
OPHC,0001288855,"OptimumBank Holdings, Inc."
OPK,0000944809,"OPKO HEALTH, INC."
OPTT,0001378140,"Ocean Power Technologies, Inc."
OPY,0000791963,OPPENHEIMER HOLDINGS INC
OR,0001627272,OR Royalties Inc.
ORA,0001296445,"ORMAT TECHNOLOGIES, INC."
ORC,0001518621,"Orchid Island Capital, Inc."
ORCL,0001341439,ORACLE CORP
ORI,0000074260,OLD REPUBLIC INTERNATIONAL CORP
ORLY,0000898173,O REILLY AUTOMOTIVE INC
ORMP,0001176309,ORAMED PHARMACEUTICALS INC.
ORN,0001402829,Orion Group Holdings Inc
ORRF,0000826154,ORRSTOWN FINANCIAL SERVICES INC
OSBC,0000357173,OLD SECOND BANCORP INC
OSG,0000874501,OCTAVE SPECIALTY GROUP INC
OSIS,0001039065,OSI SYSTEMS INC
OSK,0000775158,OSHKOSH CORP
OSUR,0001116463,ORASURE TECHNOLOGIES INC
OTEX,0001002638,OPEN TEXT CORP
OTTR,0001466593,Otter Tail Corp
OUT,0001579877,OUTFRONT Media Inc.
OVBC,0000894671,OHIO VALLEY BANC CORP
OVLY,0001431567,Oak Valley Bancorp
OXBR,0001584831,OXBRIDGE RE HOLDINGS Ltd
OXLCO,0001495222,Oxford Lane Capital Corp.
OXM,0000075288,OXFORD INDUSTRIES INC
OXY,0000797468,OCCIDENTAL PETROLEUM CORP /DE/
PAA,0001070423,PLAINS ALL AMERICAN PIPELINE LP
PAAS,0000771992,PAN AMERICAN SILVER CORP
PAC,0001347557,Pacific Airport Group
PACB,0001299130,"PACIFIC BIOSCIENCES OF CALIFORNIA, INC."
PAG,0001019849,"PENSKE AUTOMOTIVE GROUP, INC."
PAGP,0001581990,PLAINS GP HOLDINGS LP
PAHC,0001069899,PHIBRO ANIMAL HEALTH CORP
PAM,0001469395,Pampa Energy Inc.
PANL,0001606909,Pangaea Logistics Solutions Ltd.
PANW,0001327567,Palo Alto Networks Inc
PAR,0000708821,PAR TECHNOLOGY CORP
PARR,0000821483,"PAR PACIFIC HOLDINGS, INC."
PATK,0000076605,PATRICK INDUSTRIES INC
PAYC,0001590955,"Paycom Software, Inc."
PAYX,0000723531,PAYCHEX INC
PB,0001068851,PROSPERITY BANCSHARES INC
PBA,0001546066,PEMBINA PIPELINE CORP
PBF,0001534504,PBF Energy Inc.
PBH,0001295947,Prestige Consumer Healthcare Inc.
PBHC,0001609065,"Pathfinder Bancorp, Inc."
PBI,0000078814,PITNEY BOWES INC /DE/
PBYI,0001401667,"PUMA BIOTECHNOLOGY, INC."
PCAR,0000075362,PACCAR INC
PCG,0001004980,PG&E Corp
PCRX,0001396814,"Pacira BioSciences, Inc."
PCTY,0001591698,Paylocity Holding Corp
PCYO,0000276720,PURE CYCLE CORP
PDEX,0000788920,PRO DEX INC
PDFS,0001120914,PDF SOLUTIONS INC
PDM,0001042776,"Piedmont Realty Trust, Inc."
PDS,0001013605,PRECISION DRILLING Corp
PEB,0001474098,Pebblebrook Hotel Trust
PEBK,0001093672,PEOPLES BANCORP OF NORTH CAROLINA INC
PEBO,0000318300,PEOPLES BANCORP INC
PED,0001141197,PEDEVCO CORP
PEG,0000788784,PUBLIC SERVICE ENTERPRISE GROUP INC
PEGA,0001013857,PEGASYSTEMS INC
PEN,0001321732,Penumbra Inc
PENN,0000921738,"PENN Entertainment, Inc."
PEP,0000077476,PEPSICO INC
PERI,0001338940,Perion Network Ltd.
PESI,0000891532,PERMA FIX ENVIRONMENTAL SERVICES INC
PETS,0001040130,PETMED EXPRESS INC
PFBC,0001492165,Preferred Bank
PFE,0000078003,PFIZER INC
PFG,0001126328,PRINCIPAL FINANCIAL GROUP INC
PFGC,0001618673,Performance Food Group Co
PFIS,0001056943,PEOPLES FINANCIAL SERVICES CORP.
PFLT,0001504619,PennantPark Floating Rate Capital Ltd.
PFS,0001178970,PROVIDENT FINANCIAL SERVICES INC
PFSI,0001745916,"PennyMac Financial Services, Inc."
PG,0000080424,PROCTER & GAMBLE Co
PGC,0001050743,PEAPACK GLADSTONE FINANCIAL CORP
PGR,0000080661,PROGRESSIVE CORP/OH/
PH,0000076334,Parker-Hannifin Corp
PHG,0000313216,KONINKLIJKE PHILIPS NV
PHI,0000078150,PLDT Inc.
PHM,0000822416,PULTEGROUP INC/MI/
PII,0000931015,Polaris Inc.
PJT,0001626115,PJT Partners Inc.
PKBK,0001315399,"PARKE BANCORP, INC."
PKE,0000076267,PARK AEROSPACE CORP
PKG,0000075677,PACKAGING CORP OF AMERICA
PKOH,0000076282,PARK OHIO HOLDINGS CORP
PKX,0000889132,POSCO HOLDINGS INC.
PLAB,0000810136,PHOTRONICS INC
PLAY,0001525769,"Dave & Buster's Entertainment, Inc."
PLBC,0001168455,PLUMAS BANCORP
PLCE,0001041859,"Childrens Place, Inc."
PLD,0001045609,"Prologis, Inc."
PLG,0001095052,PLATINUM GROUP METALS LTD
PLNT,0001637207,"Planet Fitness, Inc."
PLOW,0001287213,"DOUGLAS DYNAMICS, INC"
PLPC,0000080035,PREFORMED LINE PRODUCTS CO
PLUG,0001093691,PLUG POWER INC
PLUS,0001022408,EPLUS INC
PLX,0001006281,"Protalix BioTherapeutics, Inc."
PLXS,0000785786,PLEXUS CORP
PM,0001413329,Philip Morris International Inc.
PMT,0001464423,PennyMac Mortgage Investment Trust
PMTS,0001641614,CPI Card Group Inc.
PNBK,0001098146,PATRIOT NATIONAL BANCORP INC
PNC,0000713676,"PNC FINANCIAL SERVICES GROUP, INC."
PNFP,0002082866,"Pinnacle Financial Partners, Inc."
PNNT,0001383414,PENNANTPARK INVESTMENT CORP
PNR,0000077360,PENTAIR plc
PNRG,0000056868,PRIMEENERGY RESOURCES CORP
PNW,0000764622,PINNACLE WEST CAPITAL CORP
PODD,0001145197,INSULET CORP
POOL,0000945841,POOL CORP
POR,0000784977,PORTLAND GENERAL ELECTRIC CO /OR/
POST,0001530950,"Post Holdings, Inc."
POWI,0000833640,POWER INTEGRATIONS INC
POWL,0000080420,POWELL INDUSTRIES INC
PPC,0000802481,PILGRIMS PRIDE CORP
PPG,0000079879,PPG INDUSTRIES INC
PPIH,0000914122,"Perma-Pipe International Holdings, Inc."
PPL,0000922224,PPL Corp
PPSI,0001449792,"PIONEER POWER SOLUTIONS, INC."
PRAA,0001185348,PRA GROUP INC
PRGO,0001585364,PERRIGO Co plc
PRGS,0000876167,PROGRESS SOFTWARE CORP /MA
PRI,0001475922,"Primerica, Inc."
PRIM,0001361538,Primoris Services Corp
PRK,0000805676,PARK NATIONAL CORP /OH/
PRKR,0000914139,PARKERVISION INC
PRLB,0001443669,Proto Labs Inc
PROV,0001010470,PROVIDENT FINANCIAL HOLDINGS INC
PRPH,0000868278,"ProPhase Labs, Inc."
PRQR,0001612940,ProQR Therapeutics N.V.
PRTA,0001559053,PROTHENA CORP PUBLIC LTD CO
PRU,0001137774,PRUDENTIAL FINANCIAL INC
PSA,0001393311,Public Storage
PSEC,0001287032,PROSPECT CAPITAL CORP
PSMT,0001041803,PRICESMART INC
PSO,0000938323,PEARSON PLC
PSX,0001534701,Phillips 66
PTC,0000857005,PTC INC.
PTCT,0001070081,"PTC THERAPEUTICS, INC."
PTEN,0000889900,PATTERSON UTI ENERGY INC
PTN,0000911216,PALATIN TECHNOLOGIES INC
PUK,0001116578,PRUDENTIAL PLC
PULM,0001574235,"Pulmatrix, Inc."
PVH,0000078239,PVH CORP. /DE/
PW,0001532619,Power REIT
PWR,0001050915,"QUANTA SERVICES, INC."
PXLW,0001040161,"PIXELWORKS, INC"
PXS,0001640043,Pyxis Tankers Inc.
PYPL,0001633917,"PayPal Holdings, Inc."
PZG,0001629210,Paramount Gold Nevada Corp.
PZZA,0000901491,PAPA JOHNS INTERNATIONAL INC
QCOM,0000804328,QUALCOMM INC/DE
QCRH,0000906465,QCR HOLDINGS INC
QDEL,0001906324,QuidelOrtho Corp
QGEN,0001015820,QIAGEN N.V.
QLYS,0001107843,"QUALYS, INC."
QNST,0001117297,"QUINSTREET, INC"
QRHC,0001442236,Quest Resource Holding Corp
QRVO,0001604778,"Qorvo, Inc."
QSR,0001618756,Restaurant Brands International Inc.
QTWO,0001410384,"Q2 Holdings, Inc."
QUAD,0001481792,"Quad/Graphics, Inc."
QURE,0001590560,uniQure N.V.
R,0000085961,RYDER SYSTEM INC
RACE,0001648416,Ferrari N.V.
RAIL,0001320854,"FreightCar America, Inc."
RAND,0000081955,RAND CAPITAL CORP
RARE,0001515673,Ultragenyx Pharmaceutical Inc.
RAVE,0000718332,"RAVE RESTAURANT GROUP, INC."
RBA,0001046102,RB GLOBAL INC.
RBBN,0001708055,Ribbon Communications Inc.
RBCAA,0000921557,REPUBLIC BANCORP INC /KY/
RCI,0000733099,ROGERS COMMUNICATIONS INC
RCKT,0001281895,"ROCKET PHARMACEUTICALS, INC."
RCKY,0000895456,"ROCKY BRANDS, INC."
RCL,0000884887,ROYAL CARIBBEAN CRUISES LTD
RCON,0001442620,"Recon Technology, Ltd"
RDCM,0001016838,RADCOM LTD
RDHL,0001553846,RedHill Biopharma Ltd.
RDI,0000716634,READING INTERNATIONAL INC
RDN,0000890926,RADIAN GROUP INC
RDNT,0000790526,"RadNet, Inc."
RDWR,0001094366,RADWARE LTD
RDY,0001135951,DR REDDYS LABORATORIES LTD
REED,0001140215,"REED'S, INC."
REFR,0000793524,RESEARCH FRONTIERS INC
REG,0000910606,REGENCY CENTERS CORP
REGN,0000872589,"REGENERON PHARMACEUTICALS, INC."
REI,0001384195,"RING ENERGY, INC."
RELL,0000355948,"RICHARDSON ELECTRONICS, LTD."
RELX,0000929869,RELX PLC
RES,0000742278,RPC INC
REX,0000744187,REX AMERICAN RESOURCES Corp
REXR,0001571283,"Rexford Industrial Realty, Inc."
RF,0001281761,REGIONS FINANCIAL CORP
RFIL,0000740664,R F INDUSTRIES LTD
RGA,0000898174,REINSURANCE GROUP OF AMERICA INC
RGCO,0001069533,RGC RESOURCES INC
RGEN,0000730272,REPLIGEN CORP
RGLD,0000085535,ROYAL GOLD INC
RGNX,0001590877,REGENXBIO Inc.
RGR,0000095029,STURM RUGER & CO INC
RGS,0000716643,REGIS CORP
RH,0001528849,RH
RHI,0000315213,ROBERT HALF INC.
RHP,0001040829,"Ryman Hospitality Properties, Inc."
RICK,0000935419,"RCI HOSPITALITY HOLDINGS, INC."
RIG,0001451505,Transocean Ltd.
RIGL,0001034842,RIGEL PHARMACEUTICALS INC
RILY,0001464790,"BRC Group Holdings, Inc."
RIO,0000863064,RIO TINTO PLC
RJF,0000720005,RAYMOND JAMES FINANCIAL INC
RKDA,0001469443,"Arcadia Biosciences, Inc."
RL,0001037038,RALPH LAUREN CORP
RLGT,0001171155,"RADIANT LOGISTICS, INC"
RLI,0000084246,RLI CORP
RLJ,0001511337,RLJ Lodging Trust
RM,0001519401,Regional Management Corp.
RMAX,0001581091,"RE/MAX Holdings, Inc."
RMBS,0000917273,RAMBUS INC
RMCF,0001616262,"Rocky Mountain Chocolate Factory, Inc."
RMD,0000943819,RESMED INC
RMR,0001644378,RMR GROUP INC.
RMTI,0001041024,"ROCKWELL MEDICAL, INC."
RNG,0001384905,"RingCentral, Inc."
RNR,0000913144,RENAISSANCERE HOLDINGS LTD
RNST,0000715072,RENASANT CORP
ROCK,0000912562,"GIBRALTAR INDUSTRIES, INC."
ROG,0000084748,ROGERS CORP
ROK,0001024478,"ROCKWELL AUTOMATION, INC"
ROL,0000084839,ROLLINS INC
ROP,0000882835,ROPER TECHNOLOGIES INC
ROST,0000745732,"ROSS STORES, INC."
RPD,0001560327,"Rapid7, Inc."
RPM,0000110621,RPM INTERNATIONAL INC/DE/
RPT,0001614806,Rithm Property Trust Inc.
RRC,0000315852,RANGE RESOURCES CORP
RRGB,0001171759,RED ROBIN GOURMET BURGERS INC
RS,0000861884,"RELIANCE, INC."
RSG,0001060391,"REPUBLIC SERVICES, INC."
RUBI,0001943421,Rubico Inc.
RUN,0001469367,Sunrun Inc.
RUSHA,0001012019,RUSH ENTERPRISES INC \TX\
RUSHB,0001012019,RUSH ENTERPRISES INC \TX\
RVP,0000946563,RETRACTABLE TECHNOLOGIES INC
RVSB,0001041368,RIVERVIEW BANCORP INC
RWT,0000930236,REDWOOD TRUST INC
RY,0001000275,ROYAL BANK OF CANADA
RYAAY,0001038683,RYANAIR HOLDINGS PLC
RYAM,0001597672,RAYONIER ADVANCED MATERIALS INC.
RYN,0000052827,RAYONIER INC
SA,0001231346,SEABRIDGE GOLD INC
SABR,0001597033,Sabre Corp
SAFT,0001172052,SAFETY INSURANCE GROUP INC
SAH,0001043509,SONIC AUTOMOTIVE INC
SAIA,0001177702,SAIA INC
SAIC,0001571123,Science Applications International Corp
SALM,0001050606,"SALEM MEDIA GROUP, INC. /DE/"
SAM,0000949870,BOSTON BEER CO INC
SAMG,0001549966,Silvercrest Asset Management Group Inc.
SAN,0000891478,"Banco Santander, S.A."
SANM,0000897723,SANMINA CORP
SAP,0001000184,SAP SE
SAR,0001377936,SARATOGA INVESTMENT CORP.
SB,0001434754,"SAFE BULKERS, INC."
SBAC,0001034054,SBA COMMUNICATIONS CORP
SBCF,0000730708,SEACOAST BANKING CORP OF FLORIDA
SBFG,0000767405,"SB FINANCIAL GROUP, INC."
SBGI,0001971213,"Sinclair, Inc."
SBH,0001368458,"Sally Beauty Holdings, Inc."
SBLK,0001386716,Star Bulk Carriers Corp.
SBR,0000710752,SABINE ROYALTY TRUST
SBRA,0001492298,"Sabra Health Care REIT, Inc."
SBS,0001170858,COMPANHIA DE SANEAMENTO BASICO DO ESTADO DE SAO PAULO-SABESP
SBSI,0000705432,SOUTHSIDE BANCSHARES INC
SBUX,0000829224,STARBUCKS CORP
SCCO,0001001838,SOUTHERN COPPER CORP/
SCHL,0000866729,SCHOLASTIC CORP
SCHW,0000316709,SCHWAB CHARLES CORP
SCI,0000089089,SERVICE CORP INTERNATIONAL
SCKT,0000944075,"SOCKET MOBILE, INC."
SCL,0000094049,STEPAN CO
SCM,0001551901,Stellus Capital Investment Corp
SCSC,0000918965,"SCANSOURCE, INC."
SCYX,0001178253,SCYNEXIS INC
SEB,0000088121,SEABOARD CORP /DE/
SEDG,0001419612,"SOLAREDGE TECHNOLOGIES, INC."
SEED,0001321851,Origin Agritech LTD
SEIC,0000350894,SEI INVESTMENTS CO
SEII,0000819926,SHARING ECONOMY INTERNATIONAL INC.
SELF,0001031235,"Global Self Storage, Inc."
SENEA,0000088948,Seneca Foods Corp
SENEB,0000088948,Seneca Foods Corp
SENS,0001616543,"Senseonics Holdings, Inc."
SERV,0001832483,Serve Robotics Inc. /DE/
SES,0001819142,SES AI Corp
SF,0000720672,STIFEL FINANCIAL CORP
SFBC,0001541119,"Sound Financial Bancorp, Inc."
SFBS,0001430723,"ServisFirst Bancshares, Inc."
SFL,0001289877,SFL Corp Ltd.
SFNC,0000090498,SIMMONS FIRST NATIONAL CORP
SFST,0001090009,SOUTHERN FIRST BANCSHARES INC
SGA,0000886136,SAGA COMMUNICATIONS INC
SGC,0000095574,"SUPERIOR GROUP OF COMPANIES, INC."
SGRP,0001004989,"SPAR Group, Inc."
SGRY,0001638833,"Surgery Partners, Inc."
SGU,0001002590,"STAR GROUP, L.P."
SHAK,0001620533,Shake Shack Inc.
SHBI,0001035092,SHORE BANCSHARES INC
SHEN,0000354963,SHENANDOAH TELECOMMUNICATIONS CO/VA/
SHG,0001263043,SHINHAN FINANCIAL GROUP CO LTD
SHIP,0001448397,Seanergy Maritime Holdings Corp.
SHO,0001295810,"Sunstone Hotel Investors, Inc."
SHOO,0000913241,"STEVEN MADDEN, LTD."
SHOP,0001594805,SHOPIFY INC.
SHW,0000089800,SHERWIN WILLIAMS CO
SID,0001049659,NATIONAL STEEL CO
SIEB,0000065596,SIEBERT FINANCIAL CORP
SIF,0000090168,SIFCO INDUSTRIES INC
SIFY,0001094324,SIFY TECHNOLOGIES LTD
SIG,0000832988,SIGNET JEWELERS LTD
SIGI,0000230557,SELECTIVE INSURANCE GROUP INC
SILC,0000916793,SILICOM LTD.
SIM,0000887153,"GRUPO SIMEC, S.A.B. de C.V."
SIMO,0001329394,Silicon Motion Technology CORP
SIRI,0000908937,SIRIUS XM HOLDINGS INC.
SJM,0000091419,J M SMUCKER Co
SKM,0001015650,SK TELECOM CO LTD
SKT,0000899715,TANGER INC.
SKY,0000090896,"Champion Homes, Inc."
SKYW,0000793733,SKYWEST INC
SLB,0000087347,SLB LIMITED/NV
SLF,0001097362,SUN LIFE FINANCIAL INC
SLG,0001040971,SL GREEN REALTY CORP
SLGN,0000849869,SILGAN HOLDINGS INC
SLM,0001032033,SLM Corp
SLMBP,0001032033,SLM Corp
SLP,0001023459,"Simulations Plus, Inc."
SLRC,0001418076,SLR Investment Corp.
SLS,0001390478,"SELLAS Life Sciences Group, Inc."
SM,0000893538,SM Energy Co
SMBC,0000916907,"SOUTHERN MISSOURI BANCORP, INC."
SMBK,0001038773,SMARTFINANCIAL INC.
SMFG,0001022837,"SUMITOMO MITSUI FINANCIAL GROUP, INC."
SMG,0000825542,SCOTTS MIRACLE-GRO CO
SMMT,0001599298,Summit Therapeutics Inc.
SMP,0000093389,"STANDARD MOTOR PRODUCTS, INC."
SMRT,0001837014,"SmartRent, Inc."
SMSI,0000948708,"SMITH MICRO SOFTWARE, INC."
SMTC,0000088941,SEMTECH CORP
SNFCA,0000318673,SECURITY NATIONAL FINANCIAL CORP
SNGX,0000812796,"SOLIGENIX, INC."
SNN,0000845982,SMITH & NEPHEW PLC
SNOA,0001367083,"Sonoma Pharmaceuticals, Inc."
SNPS,0000883241,SYNOPSYS INC
SNX,0001177394,TD SYNNEX CORP
SNY,0001121404,Sanofi
SO,0000092122,SOUTHERN CO
SOHU,0001734107,Sohu.com Ltd
SON,0000091767,SONOCO PRODUCTS CO
SPB,0000109177,"Spectrum Brands Holdings, Inc."
SPG,0001063761,SIMON PROPERTY GROUP INC.
SPGI,0000064040,S&P Global Inc.
SPH,0001005210,SUBURBAN PROPANE PARTNERS LP
SPOK,0001289945,"Spok Holdings, Inc"
SPSC,0001092699,SPS COMMERCE INC
SPWH,0001132105,"SPORTSMAN'S WAREHOUSE HOLDINGS, INC."
SPXC,0000088205,"SPX Technologies, Inc."
SQM,0000909037,CHEMICAL & MINING CO OF CHILE INC
SQNS,0001383395,SEQUANS COMMUNICATIONS
SR,0001126956,SPIRE INC
SRCE,0000034782,1ST SOURCE CORP
SRE,0001032208,SEMPRA
SRI,0001043337,STONERIDGE INC
SRPT,0000873303,"Sarepta Therapeutics, Inc."
SSB,0000764038,SouthState Bank Corp
SSD,0000920371,"Simpson Manufacturing Co., Inc."
SSKN,0001051514,"STRATA Skin Sciences, Inc."
SSL,0000314590,SASOL LTD
SSNC,0001402436,SS&C Technologies Holdings Inc
SSP,0000832428,E.W. SCRIPPS Co
SSRM,0000921638,SSR MINING INC.
SSTK,0001549346,"Shutterstock, Inc."
SSYS,0001517396,STRATASYS LTD.
ST,0001477294,Sensata Technologies Holding plc
STAA,0000718937,STAAR SURGICAL CO
STAG,0001479094,"STAG Industrial, Inc."
STBA,0000719220,S&T BANCORP INC
STC,0000094344,STEWART INFORMATION SERVICES CORP
STE,0001757898,STERIS plc
STI,0001881551,Solidion Technology Inc.
STKS,0001399520,"ONE Group Hospitality, Inc."
STLD,0001022671,STEEL DYNAMICS INC
STM,0000932787,STMicroelectronics N.V.
STN,0001131383,STANTEC INC
STNG,0001483934,Scorpio Tankers Inc.
STRA,0001013934,"Strategic Education, Inc."
STRL,0000874238,"STERLING INFRASTRUCTURE, INC."
STRS,0000885508,STRATUS PROPERTIES INC
STRT,0000933034,STRATTEC SECURITY CORP
STT,0000093751,STATE STREET CORP
STWD,0001465128,"STARWOOD PROPERTY TRUST, INC."
STX,0001137789,Seagate Technology Holdings plc
STZ,0000016918,"CONSTELLATION BRANDS, INC."
SU,0000311337,SUNCOR ENERGY INC
SUI,0000912593,SUN COMMUNITIES INC
SUNS,0002012706,"Sunrise Realty Trust, Inc."
SUPN,0001356576,"SUPERNUS PHARMACEUTICALS, INC."
SVVC,0001495584,"Firsthand Technology Value Fund, Inc."
SWKS,0000004127,"SKYWORKS SOLUTIONS, INC."
SWX,0001692115,"Southwest Gas Holdings, Inc."
SXC,0001514705,"SunCoke Energy, Inc."
SXI,0000310354,STANDEX INTERNATIONAL CORP/DE/
SXT,0000310142,SENSIENT TECHNOLOGIES CORP
SYBT,0000835324,"Stock Yards Bancorp, Inc."
SYBX,0001527599,"SYNLOGIC, INC."
SYF,0001601712,Synchrony Financial
SYK,0000310764,STRYKER CORP
SYNA,0000817720,SYNAPTICS Inc
SYPR,0000864240,SYPRIS SOLUTIONS INC
SYY,0000096021,SYSCO CORP
T,0000732717,AT&T INC.
TAC,0001144800,TRANSALTA CORP
TACO,0002033122,Berto Acquisition Corp.
TACT,0001017303,TRANSACT TECHNOLOGIES INC
TAIT,0000942126,TAITRON COMPONENTS INC
TAL,0001499620,TAL Education Group
TANH,0001588084,TANTECH HOLDINGS LTD
TAP,0000024545,MOLSON COORS BEVERAGE CO
TATT,0000808439,TAT TECHNOLOGIES LTD
TAYD,0000096536,"TAYLOR DEVICES, INC."
TBBK,0001295401,"Bancorp, Inc."
TBI,0000768899,"TrueBlue, Inc."
TBPH,0001583107,"Theravance Biopharma, Inc."
TCBI,0001077428,TEXAS CAPITAL BANCSHARES INC/TX
TCBK,0000356171,TRICO BANCSHARES /
TCI,0000733590,TRANSCONTINENTAL REALTY INVESTORS INC
TCPC,0001370755,BlackRock TCP Capital Corp.
TCX,0000909494,TUCOWS INC /PA/
TD,0000947263,TORONTO DOMINION BANK
TDC,0000816761,TERADATA CORP /DE/
TDG,0001260221,TransDigm Group INC
TDOC,0001477449,"Teladoc Health, Inc."
TDS,0001051512,TELEPHONE & DATA SYSTEMS INC /DE/
TDW,0000098222,TIDEWATER INC
TEAM,0001650372,Atlassian Corp
TECH,0000842023,BIO-TECHNE Corp
TECK,0000886986,TECK RESOURCES LTD
TEL,0001385157,TE Connectivity plc
TEN,0001166663,TSAKOS ENERGY NAVIGATION LTD
TENX,0000034956,"TENAX THERAPEUTICS, INC."
TEO,0000932470,TELECOM ARGENTINA SA
TER,0000097210,"TERADYNE, INC"
TEVA,0000818686,TEVA PHARMACEUTICAL INDUSTRIES LTD
TEX,0000097216,TEREX CORP
TFSL,0001381668,TFS Financial CORP
TFX,0000096943,TELEFLEX INC
TG,0000850429,TREDEGAR CORP
TGB,0000878518,Trekor Metals Ltd
TGEN,0001537435,TECOGEN INC.
TGLS,0001534675,Tecnoglass Inc.
TGS,0000931427,GAS TRANSPORTER OF THE SOUTH INC
TGT,0000027419,TARGET CORP
TGTX,0001001316,"TG THERAPEUTICS, INC."
THC,0000070318,TENET HEALTHCARE CORP
THFF,0000714562,FIRST FINANCIAL CORP /IN/
THG,0000944695,"HANOVER INSURANCE GROUP, INC."
THM,0001134115,INTERNATIONAL TOWER HILL MINES LTD
THO,0000730263,THOR INDUSTRIES INC
THRM,0000903129,Gentherm Inc
TIPT,0001393726,TIPTREE INC.
TISI,0000318833,TEAM INC
TITN,0001409171,Titan Machinery Inc.
TJX,0000109198,TJX COMPANIES INC /DE/
TK,0000911971,TEEKAY CORP LTD
TKC,0001071321,TURKCELL ILETISIM HIZMETLERI A S
TKR,0000098362,TIMKEN CO
TLF,0000909724,TANDY LEATHER FACTORY INC
TLK,0001001807,PERUSAHAAN PERSEROAN PERSERO PT TELEKOMUNIKASI INDONESIA TBK
TLYS,0001524025,"TILLY'S, INC."
TM,0001094517,TOYOTA MOTOR CORP/
TMHC,0001562476,Taylor Morrison Home Corp
TMO,0000097745,THERMO FISHER SCIENTIFIC INC.
TMP,0001005817,TOMPKINS FINANCIAL CORP
TMQ,0001543418,Trilogy Metals Inc.
TMUS,0001283699,"T-Mobile US, Inc."
TNC,0000097134,TENNANT CO
TNDM,0001438133,TANDEM DIABETES CARE INC
TNET,0000937098,"TRINET GROUP, INC."
TNK,0001419945,TEEKAY TANKERS LTD.
TNXP,0001430306,Tonix Pharmaceuticals Holding Corp.
TOL,0000794170,"Toll Brothers, Inc."
TOPS,0001296484,TOP SHIPS INC.
TOUR,0001597095,Tuniu Corp
TPC,0000077543,TUTOR PERINI CORP
TPL,0001811074,Texas Pacific Land Corp
TPR,0001116132,"TAPESTRY, INC."
TR,0000098677,TOOTSIE ROLL INDUSTRIES INC
TRC,0000096869,TEJON RANCH CO
TREE,0001434621,"LendingTree, Inc."
TREX,0001069878,TREX CO INC
TRGP,0001389170,Targa Resources Corp.
TRI,0001075124,THOMSON REUTERS CORP /CAN/
TRIB,0000888721,TRINITY BIOTECH PLC
TRIP,0001526520,"TripAdvisor, Inc."
TRMB,0000864749,TRIMBLE INC.
TRMK,0000036146,TRUSTMARK CORP
TRN,0000099780,TRINITY INDUSTRIES INC
TRNO,0001476150,Terreno Realty Corp
TRNS,0000099302,TRANSCAT INC
TROW,0001113169,PRICE T ROWE GROUP INC
TROX,0001530804,Tronox Holdings plc
TRP,0001232384,TC ENERGY CORP
TRS,0000842633,TRIMAS CORP
TRST,0000357301,TRUSTCO BANK CORP N Y
TRT,0000732026,TRIO-TECH INTERNATIONAL
TRU,0001552033,TransUnion
TRUP,0001371285,"TRUPANION, INC."
TRV,0000086312,"TRAVELERS COMPANIES, INC."
TRX,0001173643,TRX GOLD Corp
TS,0001190723,TENARIS SA
TSBK,0001046050,TIMBERLAND BANCORP INC
TSCO,0000916365,TRACTOR SUPPLY CO /DE/
TSEM,0000928876,TOWER SEMICONDUCTOR LTD
TSLA,0001318605,"Tesla, Inc."
TSLX,0001508655,"Sixth Street Specialty Lending, Inc."
TSM,0001046179,TAIWAN SEMICONDUCTOR MANUFACTURING CO LTD
TSN,0000100493,"TYSON FOODS, INC."
TSQ,0001499832,"Townsquare Media, Inc."
TTC,0000737758,TORO CO
TTEC,0001013880,"TTEC Holdings, Inc."
TTEK,0000831641,TETRA TECH INC
TTGT,0002018064,"TechTarget, Inc."
TTI,0000844965,TETRA TECHNOLOGIES INC
TTMI,0001116942,TTM TECHNOLOGIES INC
TTWO,0000946581,TAKE TWO INTERACTIVE SOFTWARE INC
TU,0000868675,TELUS CORP
TV,0000912892,"GRUPO TELEVISA, S.A.B."
TWI,0000899751,TITAN INTERNATIONAL INC
TWIN,0000100378,TWIN DISC INC
TWO,0001465740,TWO HARBORS INVESTMENT CORP.
TX,0001342874,Ternium S.A.
TXMD,0000025743,"TherapeuticsMD, Inc."
TXN,0000097476,TEXAS INSTRUMENTS INC
TXRH,0001289460,"Texas Roadhouse, Inc."
TYL,0000860731,TYLER TECHNOLOGIES INC
TZOO,0001133311,TRAVELZOO
UA,0001336917,"Under Armour, Inc."
UAA,0001336917,"Under Armour, Inc."
UAL,0000100517,"United Airlines Holdings, Inc."
UAMY,0000101538,UNITED STATES ANTIMONY CORP
UAN,0001425292,"CVR PARTNERS, LP"
UBCP,0000731653,UNITED BANCORP INC /OH/
UBOH,0001087456,UNITED BANCSHARES INC/OH
UBS,0001610520,UBS Group AG
UBSI,0000729986,UNITED BANKSHARES INC/WV
UCTT,0001275014,"Ultra Clean Holdings, Inc."
UDR,0000074208,"UDR, Inc."
UE,0001611547,Urban Edge Properties
UEC,0001334933,URANIUM ENERGY CORP
UEIC,0000101984,UNIVERSAL ELECTRONICS INC
UFCS,0000101199,UNITED FIRE GROUP INC
UFI,0000100726,UNIFI INC
UFPI,0000912767,UFP INDUSTRIES INC
UFPT,0000914156,UFP TECHNOLOGIES INC
UG,0000101295,UNITED GUARDIAN INC
UGI,0000884614,UGI CORP /PA/
UGP,0001094972,ULTRAPAR HOLDINGS INC
UHAL,0000004457,U-Haul Holding Co /NV/
UHS,0000352915,UNIVERSAL HEALTH SERVICES INC
UHT,0000798783,UNIVERSAL HEALTH REALTY INCOME TRUST
UIS,0000746838,UNISYS CORP
UL,0000217410,UNILEVER PLC
ULBI,0000875657,ULTRALIFE CORP
ULH,0001308208,"UNIVERSAL LOGISTICS HOLDINGS, INC."
ULTA,0001403568,"Ulta Beauty, Inc."
UMBF,0000101382,UMB FINANCIAL CORP
UMC,0001033767,UNITED MICROELECTRONICS CORP
UMH,0000752642,"UMH PROPERTIES, INC."
UNB,0000706863,UNION BANKSHARES INC
UNF,0000717954,UNIFIRST CORP
UNFI,0001020859,UNITED NATURAL FOODS INC
UNH,0000731766,UNITEDHEALTH GROUP INC
UNM,0000005513,Unum Group
UNP,0000100885,UNION PACIFIC CORP
UNTY,0000920427,UNITY BANCORP INC /NJ/
UONE,0001041657,"URBAN ONE, INC."
UONEK,0001041657,"URBAN ONE, INC."
UPLD,0001505155,"Upland Software, Inc."
UPS,0001090727,UNITED PARCEL SERVICE INC
URBN,0000912615,URBAN OUTFITTERS INC
URG,0001375205,UR-ENERGY INC
URI,0001067701,"UNITED RENTALS, INC."
USAC,0001522727,"USA Compression Partners, LP"
USAU,0000027093,U.S. GOLD CORP.
USB,0000036104,US BANCORP DE
USLM,0000082020,UNITED STATES LIME & MINERALS INC
USPH,0000885978,U S PHYSICAL THERAPY INC /NV
UTHR,0001082554,UNITED THERAPEUTICS Corp
UTI,0001261654,UNIVERSAL TECHNICAL INSTITUTE INC
UTL,0000755001,UNITIL CORP
UTMD,0000706698,UTAH MEDICAL PRODUCTS INC
UTSI,0001030471,UTSTARCOM HOLDINGS CORP.
UUU,0000102109,"UNIVERSAL SAFETY PRODUCTS, INC."
UUUU,0001385849,ENERGY FUELS INC
UVE,0000891166,"UNIVERSAL INSURANCE HOLDINGS, INC."
UVSP,0000102212,UNIVEST FINANCIAL Corp
UVV,0000102037,UNIVERSAL CORP /VA/
V,0001403161,VISA INC.
VAC,0001524358,MARRIOTT VACATIONS WORLDWIDE Corp
VALE,0000917851,Vale S.A.
VALU,0000717720,VALUE LINE INC
VC,0001111335,VISTEON CORP
VCEL,0000887359,Vericel Corp
VCYT,0001384101,"VERACYTE, INC."
VECO,0000103145,VEECO INSTRUMENTS INC
VEEV,0001393052,VEEVA SYSTEMS INC
VEON,0001468091,VEON Ltd.
VERU,0000863894,VERU INC.
VET,0001293135,VERMILION ENERGY INC.
VFC,0000103379,V F CORP
VG,0002007855,"Venture Global, Inc."
VGZ,0000783324,VISTA GOLD CORP
VHC,0001082324,VirnetX Holding Corp
VHI,0000059255,VALHI INC /DE/
VIA,0001603015,"Via Transportation, Inc."
VIAV,0000912093,VIAVI SOLUTIONS INC.
VICR,0000751978,VICOR CORP
VIPS,0001529192,Vipshop Holdings Ltd
VIRC,0000751365,VIRCO MFG CORPORATION
VIRT,0001592386,"Virtu Financial, Inc."
VIV,0001066119,TELEFONICA BRASIL S.A.
VIVO,0001681348,VivoPower PLC
VKTX,0001607678,"Viking Therapeutics, Inc."
VLGEA,0000103595,VILLAGE SUPER MARKET INC
VLO,0001035002,VALERO ENERGY CORP/TX
VLRS,0001520504,"Controladora Vuela Compania de Aviacion, S.A.B. de C.V."
VLY,0000714310,VALLEY NATIONAL BANCORP
VMC,0001396009,Vulcan Materials CO
VMI,0000102729,VALMONT INDUSTRIES INC
VNCE,0001579157,VINCE HOLDING CORP.
VNDA,0001347178,Vanda Pharmaceuticals Inc.
VNET,0001508475,"VNET Group, Inc."
VNO,0000899689,VORNADO REALTY TRUST
VNOM,0002074176,"Viper Energy, Inc."
VNRX,0000093314,VOLITIONRX LTD
VOC,0001505413,VOC Energy Trust
VOD,0000839923,VODAFONE GROUP PUBLIC LTD CO
VOYA,0001535929,"Voya Financial, Inc."
VPG,0001487952,"Vishay Precision Group, Inc."
VRA,0001495320,"Vera Bradley, Inc."
VRNS,0001361113,VARONIS SYSTEMS INC
VRSK,0001442145,"Verisk Analytics, Inc."
VRSN,0001014473,VERISIGN INC/CA
VRTS,0000883237,"VIRTUS INVESTMENT PARTNERS, INC."
VRTX,0000875320,VERTEX PHARMACEUTICALS INC / MA
VSAT,0000797721,VIASAT INC
VSEC,0000102752,VSE CORP
VSH,0000103730,VISHAY INTERTECHNOLOGY INC
VSTM,0001526119,"Verastem, Inc."
VTGN,0001411685,"Vistagen Therapeutics, Inc."
VTR,0000740260,"Ventas, Inc."
VTVT,0001641489,vTv Therapeutics Inc.
VUZI,0001463972,Vuzix Corp
VXRT,0000072444,"Vaxart, Inc."
VYGR,0001640266,"Voyager Therapeutics, Inc."
VZ,0000732712,VERIZON COMMUNICATIONS INC
W,0001616707,Wayfair Inc.
WAB,0000943452,WESTINGHOUSE AIR BRAKE TECHNOLOGIES CORP
WABC,0000311094,WESTAMERICA BANCORPORATION
WAFD,0000936528,WAFD INC
WAL,0001212545,WESTERN ALLIANCE BANCORPORATION
WASH,0000737468,WASHINGTON TRUST BANCORP INC
WAT,0001000697,WATERS CORP /DE/
WATT,0001575793,Energous Corp
WB,0001595761,WEIBO Corp
WBS,0000801337,WEBSTER FINANCIAL CORP
WCC,0000929008,WESCO INTERNATIONAL INC
WCN,0001318220,"Waste Connections, Inc."
WD,0001497770,"Walker & Dunlop, Inc."
WDAY,0001327811,"Workday, Inc."
WDC,0000106040,WESTERN DIGITAL CORP
WDFC,0000105132,WD 40 CO
WEC,0000783325,"WEC ENERGY GROUP, INC."
WELL,0000766704,WELLTOWER INC.
WERN,0000793074,WERNER ENTERPRISES INC
WES,0001423902,"Western Midstream Partners, LP"
WEX,0001309108,WEX Inc.
WEYS,0000106532,WEYCO GROUP INC
WF,0001264136,WOORI FINANCIAL GROUP INC.
WFC,0000072971,WELLS FARGO & COMPANY/MN
WGO,0000107687,WINNEBAGO INDUSTRIES INC
WHF,0001552198,"WhiteHorse Finance, Inc."
WHG,0001165002,WESTWOOD HOLDINGS GROUP INC
WHLR,0001527541,"Wheeler Real Estate Investment Trust, Inc."
WHLRP,0001527541,"Wheeler Real Estate Investment Trust, Inc."
WHR,0000106640,WHIRLPOOL CORP /DE/
WILC,0001030997,G WILLI FOOD INTERNATIONAL LTD
WINA,0000908315,WINMARK CORP
WING,0001636222,Wingstop Inc.
WIT,0001123799,WIPRO LTD
WIX,0001576789,Wix.com Ltd.
WK,0001445305,WORKIVA INC
WKHS,0001425287,Workhorse Group Inc.
WLFC,0001018164,WILLIS LEASE FINANCE CORP
WLK,0001262823,WESTLAKE CORP
WLKP,0001604665,Westlake Chemical Partners LP
WM,0000823768,WASTE MANAGEMENT INC
WMB,0000107263,"WILLIAMS COMPANIES, INC."
WMK,0000105418,WEIS MARKETS INC
WMS,0001604028,"ADVANCED DRAINAGE SYSTEMS, INC."
WMT,0000104169,Walmart Inc.
WNC,0000879526,WABASH NATIONAL Corp
WNEB,0001157647,"Western New England Bancorp, Inc."
WOR,0000108516,"WORTHINGTON ENTERPRISES, INC."
WPC,0001025378,W. P. Carey Inc.
WPM,0001323404,Wheaton Precious Metals Corp.
WPP,0000806968,WPP plc
WPRT,0001370416,WESTPORT FUEL SYSTEMS INC.
WRB,0000011544,BERKLEY W R CORP
WRLD,0000108385,WORLD ACCEPTANCE CORP
WRN,0001364125,Western Copper & Gold Corp
WSBC,0000203596,WESBANCO INC
WSBF,0001569994,"Waterstone Financial, Inc."
WSFS,0000828944,WSFS FINANCIAL CORP
WSM,0000719955,WILLIAMS SONOMA INC
WSO,0000105016,WATSCO INC
WSR,0001175535,Whitestone REIT
WST,0000105770,WEST PHARMACEUTICAL SERVICES INC
WTBA,0001166928,WEST BANCORPORATION INC
WTFC,0001015328,WINTRUST FINANCIAL CORP
WTI,0001288403,W&T OFFSHORE INC
WTM,0000776867,WHITE MOUNTAINS INSURANCE GROUP LTD
WTS,0000795403,WATTS WATER TECHNOLOGIES INC
WU,0001365135,Western Union CO
WVE,0001631574,Wave Life Sciences Ltd.
WVVI,0000838875,WILLAMETTE VALLEY VINEYARDS INC
WWD,0000108312,"Woodward, Inc."
WWR,0000839470,"WESTWATER RESOURCES, INC."
WY,0000106535,WEYERHAEUSER CO
WYNN,0001174922,WYNN RESORTS LTD
WYY,0001034760,WIDEPOINT CORP
XBIT,0001626878,XBiotech Inc.
XEL,0000072903,XCEL ENERGY INC
XELB,0001083220,"XCel Brands, Inc."
XENE,0001582313,Xenon Pharmaceuticals Inc.
XHR,0001616000,"Xenia Hotels & Resorts, Inc."
XNCR,0001326732,Xencor Inc
XNET,0001510593,Xunlei Ltd
XOM,0002115436,ExxonMobil Holdings Corp
XOMA,0000791908,XOMA Royalty Corp
XPER,0001788999,Xperi Inc.
XPL,0000917225,SOLITARIO RESOURCES CORP.
XPO,0001166003,"XPO, Inc."
XRAY,0000818479,DENTSPLY SIRONA Inc.
XRX,0001770450,Xerox Holdings Corp
XTLB,0001023549,XTL BIOPHARMACEUTICALS LTD
XTNT,0001453593,"Xtant Medical Holdings, Inc."
XXII,0001347858,"22nd Century Group, Inc."
XYL,0001524472,Xylem Inc.
YELP,0001345016,YELP INC
YORW,0000108985,YORK WATER CO
YPF,0000904851,YPF SOCIEDAD ANONIMA
YRD,0001631761,Yiren Digital Ltd.
YUM,0001041061,YUM BRANDS INC
Z,0001617640,"ZILLOW GROUP, INC."
ZBH,0001136869,"ZIMMER BIOMET HOLDINGS, INC."
ZBRA,0000877212,ZEBRA TECHNOLOGIES CORP
ZG,0001617640,"ZILLOW GROUP, INC."
ZION,0000109380,"ZIONS BANCORPORATION, NATIONAL ASSOCIATION /UT/"
ZTS,0001555280,Zoetis Inc.
ZUMZ,0001318008,Zumiez Inc
